Symbol,Name,Year,EPS,BPS
A005930,삼성전자,2001,16704,115835
A005930,삼성전자,2002,39655,155211
A005930,삼성전자,2003,33765,187330
A005930,삼성전자,2004,62951,226882
A005930,삼성전자,2005,44907,268187
A005930,삼성전자,2006,46531,309862
A005930,삼성전자,2007,43642,356887
A005930,삼성전자,2008,32480,393949
A005930,삼성전자,2009,36490,441768
A005930,삼성전자,2010,92863,548698
A005930,삼성전자,2011,78660,614990
A005930,삼성전자,2012,136278,731458
A005930,삼성전자,2013,175282,892045
A005930,삼성전자,2014,135673,1002811
A005930,삼성전자,2015,109883,1095140
A005930,삼성전자,2016,136760,1217019
A005930,삼성전자,2017,,
A000660,SK하이닉스,2001,-6625,6172
A000660,SK하이닉스,2002,-339,869
A000660,SK하이닉스,2003,-4492,6185
A000660,SK하이닉스,2004,3805,10027
A000660,SK하이닉스,2005,4070,13909
A000660,SK하이닉스,2006,4436,18590
A000660,SK하이닉스,2007,754,19677
A000660,SK하이닉스,2008,-10273,11075
A000660,SK하이닉스,2009,-620,9247
A000660,SK하이닉스,2010,4720,13836
A000660,SK하이닉스,2011,-96,13300
A000660,SK하이닉스,2012,-233,14032
A000660,SK하이닉스,2013,4045,18399
A000660,SK하이닉스,2014,5766,24775
A000660,SK하이닉스,2015,5937,30438
A000660,SK하이닉스,2016,4057,34051
A000660,SK하이닉스,2017,,
A005380,현대차,2001,4072,33011
A005380,현대차,2002,5078,37053
A005380,현대차,2003,6213,42918
A005380,현대차,2004,6148,46419
A005380,현대차,2005,8274,55544
A005380,현대차,2006,5368,58901
A005380,현대차,2007,5909,66390
A005380,현대차,2008,5078,71361
A005380,현대차,2009,10374,79771
A005380,현대차,2010,12177,102812
A005380,현대차,2011,26818,133957
A005380,현대차,2012,30008,158218
A005380,현대차,2013,29921,185863
A005380,현대차,2014,25735,206420
A005380,현대차,2015,22479,222828
A005380,현대차,2016,18938,241103
A005380,현대차,2017,,
A051910,LG화학,2001,1812,17410
A051910,LG화학,2002,4724,21449
A051910,LG화학,2003,4955,24905
A051910,LG화학,2004,7340,30068
A051910,LG화학,2005,5477,33681
A051910,LG화학,2006,4362,36127
A051910,LG화학,2007,9166,46504
A051910,LG화학,2008,11950,58459
A051910,LG화학,2009,18123,77067
A051910,LG화학,2010,29205,104451
A051910,LG화학,2011,28930,129485
A051910,LG화학,2012,20223,144043
A051910,LG화학,2013,17131,157137
A051910,LG화학,2014,11745,164485
A051910,LG화학,2015,15602,176007
A051910,LG화학,2016,17336,188807
A051910,LG화학,2017,,
A005490,POSCO,2001,8579,121615
A005490,POSCO,2002,11806,134802
A005490,POSCO,2003,21909,155072
A005490,POSCO,2004,43180,192575
A005490,POSCO,2005,46027,234912
A005490,POSCO,2006,36779,269104
A005490,POSCO,2007,42202,312194
A005490,POSCO,2008,51005,347365
A005490,POSCO,2009,36385,382564
A005490,POSCO,2010,43405,440740
A005490,POSCO,2011,41843,467361
A005490,POSCO,2012,28239,479953
A005490,POSCO,2013,15787,500364
A005490,POSCO,2014,7181,494591
A005490,POSCO,2015,2072,490547
A005490,POSCO,2016,15637,503596
A005490,POSCO,2017,,
A028260,삼성물산,2001,23009,354594
A028260,삼성물산,2002,58872,489275
A028260,삼성물산,2003,45983,517787
A028260,삼성물산,2004,42398,728725
A028260,삼성물산,2005,37098,662801
A028260,삼성물산,2006,42861,714956
A028260,삼성물산,2007,46096,781225
A028260,삼성물산,2008,69436,853822
A028260,삼성물산,2009,59898,926350
A028260,삼성물산,2010,70556,1728853
A028260,삼성물산,2011,118398,1509701
A028260,삼성물산,2012,56358,1721592
A028260,삼성물산,2013,18086,1855672
A028260,삼성물산,2014,3632,44266
A028260,삼성물산,2015,17749,93863
A028260,삼성물산,2016,561,105657
A028260,삼성물산,2017,,
A032830,삼성생명,2001,31541,267734
A032830,삼성생명,2002,43056,291665
A032830,삼성생명,2003,16384,345962
A032830,삼성생명,2004,28790,412578
A032830,삼성생명,2005,31312,412494
A032830,삼성생명,2006,25731,437719
A032830,삼성생명,2007,35729,468209
A032830,삼성생명,2008,5651,371526
A032830,삼성생명,2009,4530,60664
A032830,삼성생명,2010,11288,77169
A032830,삼성생명,2011,4742,91694
A032830,삼성생명,2012,5034,111125
A032830,삼성생명,2013,2935,99245
A032830,삼성생명,2014,6687,116426
A032830,삼성생명,2015,6056,126071
A032830,삼성생명,2016,10271,143773
A032830,삼성생명,2017,,
A035420,NAVER,2001,551,7760
A035420,NAVER,2002,3989,14556
A035420,NAVER,2003,7414,21800
A035420,NAVER,2004,3533,15723
A035420,NAVER,2005,588,17121
A035420,NAVER,2006,3279,8524
A035420,NAVER,2007,5898,14733
A035420,NAVER,2008,7557,23652
A035420,NAVER,2009,8762,31842
A035420,NAVER,2010,9842,40744
A035420,NAVER,2011,9350,49703
A035420,NAVER,2012,11346,58637
A035420,NAVER,2013,45425,64165
A035420,NAVER,2014,13787,81551
A035420,NAVER,2015,15737,96527
A035420,NAVER,2016,22732,150192
A035420,NAVER,2017,,
A012330,현대모비스,2001,3081,11755
A012330,현대모비스,2002,4227,14924
A012330,현대모비스,2003,6479,21313
A012330,현대모비스,2004,8154,27359
A012330,현대모비스,2005,9232,35113
A012330,현대모비스,2006,8012,41489
A012330,현대모비스,2007,8956,49892
A012330,현대모비스,2008,12459,62980
A012330,현대모비스,2009,17455,82104
A012330,현대모비스,2010,16733,101174
A012330,현대모비스,2011,31054,142715
A012330,현대모비스,2012,36556,174861
A012330,현대모비스,2013,35149,207676
A012330,현대모비스,2014,35165,239187
A012330,현대모비스,2015,31387,266859
A012330,현대모비스,2016,31205,296189
A012330,현대모비스,2017,,
A207940,삼성바이오로직스,2001,,
A207940,삼성바이오로직스,2002,,
A207940,삼성바이오로직스,2003,,
A207940,삼성바이오로직스,2004,,
A207940,삼성바이오로직스,2005,,
A207940,삼성바이오로직스,2006,,
A207940,삼성바이오로직스,2007,,
A207940,삼성바이오로직스,2008,,
A207940,삼성바이오로직스,2009,,
A207940,삼성바이오로직스,2010,,
A207940,삼성바이오로직스,2011,-4008,47335
A207940,삼성바이오로직스,2012,-8089,41501
A207940,삼성바이오로직스,2013,-11422,30987
A207940,삼성바이오로직스,2014,-4800,30760
A207940,삼성바이오로직스,2015,77040,100652
A207940,삼성바이오로직스,2016,-3115,61700
A207940,삼성바이오로직스,2017,,
A015760,한국전력,2001,2778,51585
A015760,한국전력,2002,4780,56203
A015760,한국전력,2003,3618,59053
A015760,한국전력,2004,4496,63184
A015760,한국전력,2005,3821,65970
A015760,한국전력,2006,3227,68206
A015760,한국전력,2007,2427,69786
A015760,한국전력,2008,-4602,64967
A015760,한국전력,2009,-121,65199
A015760,한국전력,2010,-2304,76143
A015760,한국전력,2011,-5251,84135
A015760,한국전력,2012,-4933,78868
A015760,한국전력,2013,93,79446
A015760,한국전력,2014,4185,83496
A015760,한국전력,2015,20701,103798
A015760,한국전력,2016,10980,111725
A015760,한국전력,2017,,
A105560,KB금융,2001,,
A105560,KB금융,2002,,
A105560,KB금융,2003,,
A105560,KB금융,2004,,
A105560,KB금융,2005,,
A105560,KB금융,2006,,
A105560,KB금융,2007,,
A105560,KB금융,2008,1717,44419
A105560,KB금융,2009,1451,46206
A105560,KB금융,2010,108,46127
A105560,KB금융,2011,6142,59319
A105560,KB금융,2012,4480,63591
A105560,KB금융,2013,3291,67250
A105560,KB금융,2014,3626,70700
A105560,KB금융,2015,4396,74234
A105560,KB금융,2016,5458,75865
A105560,KB금융,2017,,
A055550,신한지주,2001,755,12957
A055550,신한지주,2002,2066,13717
A055550,신한지주,2003,1011,15618
A055550,신한지주,2004,2628,18595
A055550,신한지주,2005,4169,24617
A055550,신한지주,2006,4413,26966
A055550,신한지주,2007,5177,38221
A055550,신한지주,2008,4335,38390
A055550,신한지주,2009,2505,39311
A055550,신한지주,2010,1179,40071
A055550,신한지주,2011,5897,46117
A055550,신한지주,2012,4756,54341
A055550,신한지주,2013,3912,56745
A055550,신한지주,2014,4288,60136
A055550,신한지주,2015,4878,63548
A055550,신한지주,2016,5810,65605
A055550,신한지주,2017,,
A017670,SK텔레콤,2001,12791,79730
A017670,SK텔레콤,2002,16952,86698
A017670,SK텔레콤,2003,23154,97098
A017670,SK텔레콤,2004,18169,111504
A017670,SK텔레콤,2005,22745,125248
A017670,SK텔레콤,2006,17654,139436
A017670,SK텔레콤,2007,20229,166010
A017670,SK텔레콤,2008,15736,157458
A017670,SK텔레콤,2009,15954,163891
A017670,SK텔레콤,2010,24113,170701
A017670,SK텔레콤,2011,19975,174280
A017670,SK텔레콤,2012,14263,176669
A017670,SK텔레콤,2013,20298,193101
A017670,SK텔레콤,2014,22307,206159
A017670,SK텔레콤,2015,18807,216875
A017670,SK텔레콤,2016,20756,225796
A017670,SK텔레콤,2017,,
A034730,SK,2001,41608,93903
A034730,SK,2002,42114,82117
A034730,SK,2003,44774,127435
A034730,SK,2004,157541,280296
A034730,SK,2005,211160,487870
A034730,SK,2006,193833,599303
A034730,SK,2007,9796,41879
A034730,SK,2008,7288,51396
A034730,SK,2009,2887,24539
A034730,SK,2010,2245,24781
A034730,SK,2011,8765,49746
A034730,SK,2012,7122,53544
A034730,SK,2013,4045,60725
A034730,SK,2014,2546,64429
A034730,SK,2015,93171,189929
A034730,SK,2016,10794,197625
A034730,SK,2017,,
A096770,SK이노베이션,2001,,
A096770,SK이노베이션,2002,,
A096770,SK이노베이션,2003,,
A096770,SK이노베이션,2004,,
A096770,SK이노베이션,2005,,
A096770,SK이노베이션,2006,,
A096770,SK이노베이션,2007,3743,66807
A096770,SK이노베이션,2008,9487,80226
A096770,SK이노베이션,2009,7254,84811
A096770,SK이노베이션,2010,9411,119763
A096770,SK이노베이션,2011,33816,157089
A096770,SK이노베이션,2012,12649,165476
A096770,SK이노베이션,2013,7789,170471
A096770,SK이노베이션,2014,-6283,161517
A096770,SK이노베이션,2015,8696,171008
A096770,SK이노베이션,2016,17834,183956
A096770,SK이노베이션,2017,,
A051900,LG생활건강,2001,3140,14136
A051900,LG생활건강,2002,2486,15349
A051900,LG생활건강,2003,2724,16220
A051900,LG생활건강,2004,2060,16601
A051900,LG생활건강,2005,4057,20001
A051900,LG생활건강,2006,2986,21977
A051900,LG생활건강,2007,4531,25549
A051900,LG생활건강,2008,6805,31355
A051900,LG생활건강,2009,7152,35271
A051900,LG생활건강,2010,13016,48483
A051900,LG생활건강,2011,14941,60295
A051900,LG생활건강,2012,17154,71816
A051900,LG생활건강,2013,20166,83516
A051900,LG생활건강,2014,19722,96417
A051900,LG생활건강,2015,25982,118986
A051900,LG생활건강,2016,32070,146927
A051900,LG생활건강,2017,,
A090430,아모레퍼시픽,2001,,
A090430,아모레퍼시픽,2002,,
A090430,아모레퍼시픽,2003,,
A090430,아모레퍼시픽,2004,,
A090430,아모레퍼시픽,2005,,
A090430,아모레퍼시픽,2006,8129,115788
A090430,아모레퍼시픽,2007,25770,138324
A090430,아모레퍼시픽,2008,24666,161800
A090430,아모레퍼시픽,2009,32728,188520
A090430,아모레퍼시픽,2010,41735,269326
A090430,아모레퍼시픽,2011,47384,308544
A090430,아모레퍼시픽,2012,39183,338323
A090430,아모레퍼시픽,2013,38828,370316
A090430,아모레퍼시픽,2014,54930,414410
A090430,아모레퍼시픽,2015,9704,48495
A090430,아모레퍼시픽,2016,9262,56222
A090430,아모레퍼시픽,2017,,
A251270,넷마블게임즈,2001,,
A251270,넷마블게임즈,2002,,
A251270,넷마블게임즈,2003,,
A251270,넷마블게임즈,2004,,
A251270,넷마블게임즈,2005,,
A251270,넷마블게임즈,2006,,
A251270,넷마블게임즈,2007,,
A251270,넷마블게임즈,2008,,
A251270,넷마블게임즈,2009,,
A251270,넷마블게임즈,2010,,
A251270,넷마블게임즈,2011,-11846,488982
A251270,넷마블게임즈,2012,-87617,336103
A251270,넷마블게임즈,2013,-18069,308760
A251270,넷마블게임즈,2014,107105,2105586
A251270,넷마블게임즈,2015,8190,71076
A251270,넷마블게임즈,2016,2718,17949
A251270,넷마블게임즈,2017,,
A018260,삼성에스디에스,2001,1423,4509
A018260,삼성에스디에스,2002,151,3771
A018260,삼성에스디에스,2003,1106,4744
A018260,삼성에스디에스,2004,1440,5927
A018260,삼성에스디에스,2005,2674,8602
A018260,삼성에스디에스,2006,3922,12645
A018260,삼성에스디에스,2007,4017,16931
A018260,삼성에스디에스,2008,4137,20645
A018260,삼성에스디에스,2009,4196,24605
A018260,삼성에스디에스,2010,4506,36089
A018260,삼성에스디에스,2011,4523,39384
A018260,삼성에스디에스,2012,5478,44086
A018260,삼성에스디에스,2013,4312,49166
A018260,삼성에스디에스,2014,5336,53166
A018260,삼성에스디에스,2015,5674,59324
A018260,삼성에스디에스,2016,5995,66457
A018260,삼성에스디에스,2017,,
A066570,LG전자,2001,,
A066570,LG전자,2002,1771,19241
A066570,LG전자,2003,4227,22409
A066570,LG전자,2004,9860,32290
A066570,LG전자,2005,4391,38786
A066570,LG전자,2006,1478,36950
A066570,LG전자,2007,7553,44826
A066570,LG전자,2008,2983,52225
A066570,LG전자,2009,7086,67556
A066570,LG전자,2010,7582,78408
A066570,LG전자,2011,-2809,71551
A066570,LG전자,2012,511,65497
A066570,LG전자,2013,978,65165
A066570,LG전자,2014,2208,65056
A066570,LG전자,2015,688,64542
A066570,LG전자,2016,425,66536
A066570,LG전자,2017,,
A033780,KT&G,2001,1748,16161
A033780,KT&G,2002,1846,17938
A033780,KT&G,2003,2538,19951
A033780,KT&G,2004,2660,21718
A033780,KT&G,2005,3145,23380
A033780,KT&G,2006,4105,22841
A033780,KT&G,2007,4547,24797
A033780,KT&G,2008,6042,26524
A033780,KT&G,2009,6139,30649
A033780,KT&G,2010,7516,34765
A033780,KT&G,2011,5944,37378
A033780,KT&G,2012,5376,39550
A033780,KT&G,2013,4157,40891
A033780,KT&G,2014,6013,43481
A033780,KT&G,2015,7544,47679
A033780,KT&G,2016,8968,53709
A033780,KT&G,2017,,
A003550,LG,2001,2172,18023
A003550,LG,2002,3393,39049
A003550,LG,2003,45,16541
A003550,LG,2004,2890,19677
A003550,LG,2005,3430,23225
A003550,LG,2006,2282,23912
A003550,LG,2007,5360,29538
A003550,LG,2008,5186,35518
A003550,LG,2009,1504,38187
A003550,LG,2010,8693,56102
A003550,LG,2011,5563,59998
A003550,LG,2012,5334,63293
A003550,LG,2013,5095,66860
A003550,LG,2014,4802,69678
A003550,LG,2015,5369,73792
A003550,LG,2016,6111,78903
A003550,LG,2017,,
A006400,삼성SDI,2001,11583,61589
A006400,삼성SDI,2002,12185,71518
A006400,삼성SDI,2003,13491,85279
A006400,삼성SDI,2004,15430,96776
A006400,삼성SDI,2005,5089,102406
A006400,삼성SDI,2006,1894,104511
A006400,삼성SDI,2007,-12553,103027
A006400,삼성SDI,2008,824,100992
A006400,삼성SDI,2009,3671,109301
A006400,삼성SDI,2010,7548,132039
A006400,삼성SDI,2011,6785,133305
A006400,삼성SDI,2012,31192,159857
A006400,삼성SDI,2013,2768,159933
A006400,삼성SDI,2014,-1426,164775
A006400,삼성SDI,2015,765,156614
A006400,삼성SDI,2016,3117,155915
A006400,삼성SDI,2017,,
A010950,S-Oil,2001,168,14668
A010950,S-Oil,2002,1647,16303
A010950,S-Oil,2003,2244,16995
A010950,S-Oil,2004,8071,23367
A010950,S-Oil,2005,5617,24495
A010950,S-Oil,2006,6505,27307
A010950,S-Oil,2007,6402,34035
A010950,S-Oil,2008,3827,29121
A010950,S-Oil,2009,2343,33922
A010950,S-Oil,2010,6090,38647
A010950,S-Oil,2011,10214,44828
A010950,S-Oil,2012,5018,46121
A010950,S-Oil,2013,2484,45932
A010950,S-Oil,2014,-2468,42116
A010950,S-Oil,2015,5414,46240
A010950,S-Oil,2016,10337,54830
A010950,S-Oil,2017,,
A000270,기아차,2001,1400,9207
A000270,기아차,2002,1735,11098
A000270,기아차,2003,2110,12846
A000270,기아차,2004,1875,14315
A000270,기아차,2005,1961,15139
A000270,기아차,2006,113,15124
A000270,기아차,2007,39,14625
A000270,기아차,2008,328,16543
A000270,기아차,2009,3945,18999
A000270,기아차,2010,3617,28054
A000270,기아차,2011,8556,33501
A000270,기아차,2012,9537,41623
A000270,기아차,2013,9416,50027
A000270,기아차,2014,7385,55685
A000270,기아차,2015,6489,60290
A000270,기아차,2016,6795,66103
A000270,기아차,2017,,
A086790,하나금융지주,2001,,
A086790,하나금융지주,2002,,
A086790,하나금융지주,2003,,
A086790,하나금융지주,2004,,
A086790,하나금융지주,2005,1078,30941
A086790,하나금융지주,2006,4948,36815
A086790,하나금융지주,2007,6127,44010
A086790,하나금융지주,2008,2282,42654
A086790,하나금융지주,2009,1446,45535
A086790,하나금융지주,2010,9093,53922
A086790,하나금융지주,2011,5123,58265
A086790,하나금융지주,2012,6672,65026
A086790,하나금융지주,2013,3361,69343
A086790,하나금융지주,2014,3235,72879
A086790,하나금융지주,2015,3093,74829
A086790,하나금융지주,2016,4495,75971
A086790,하나금융지주,2017,,
A011170,롯데케미칼,2001,233,26288
A011170,롯데케미칼,2002,1869,28091
A011170,롯데케미칼,2003,6612,34339
A011170,롯데케미칼,2004,16800,50550
A011170,롯데케미칼,2005,16052,65606
A011170,롯데케미칼,2006,11977,76572
A011170,롯데케미칼,2007,14544,90290
A011170,롯데케미칼,2008,-1421,88004
A011170,롯데케미칼,2009,25006,116924
A011170,롯데케미칼,2010,21559,138233
A011170,롯데케미칼,2011,30701,171456
A011170,롯데케미칼,2012,9862,176320
A011170,롯데케미칼,2013,8400,182525
A011170,롯데케미칼,2014,4285,187805
A011170,롯데케미칼,2015,28957,219538
A011170,롯데케미칼,2016,53561,273173
A011170,롯데케미칼,2017,,
A000810,삼성화재,2001,5248,42011
A000810,삼성화재,2002,5058,41409
A000810,삼성화재,2003,3232,55218
A000810,삼성화재,2004,5333,57163
A000810,삼성화재,2005,5023,59143
A000810,삼성화재,2006,6540,63294
A000810,삼성화재,2007,9375,69494
A000810,삼성화재,2008,11840,78315
A000810,삼성화재,2009,10373,99590
A000810,삼성화재,2010,13376,132825
A000810,삼성화재,2011,15719,154577
A000810,삼성화재,2012,15553,185093
A000810,삼성화재,2013,10124,170920
A000810,삼성화재,2014,16530,207503
A000810,삼성화재,2015,16043,225804
A000810,삼성화재,2016,16967,246689
A000810,삼성화재,2017,,
A002790,아모레G,2001,11478,56359
A002790,아모레G,2002,13183,68321
A002790,아모레G,2003,18304,84688
A002790,아모레G,2004,14698,96786
A002790,아모레G,2005,15876,130132
A002790,아모레G,2006,16318,152408
A002790,아모레G,2007,6676,156760
A002790,아모레G,2008,8587,164227
A002790,아모레G,2009,9848,172087
A002790,아모레G,2010,2445,189370
A002790,아모레G,2011,18009,223179
A002790,아모레G,2012,18777,237541
A002790,아모레G,2013,19769,254803
A002790,아모레G,2014,26966,276426
A002790,아모레G,2015,3158,30060
A002790,아모레G,2016,4152,33440
A002790,아모레G,2017,,
A034220,LG디스플레이,2001,-2632,10888
A034220,LG디스플레이,2002,1992,12869
A034220,LG디스플레이,2003,7028,19959
A034220,LG디스플레이,2004,5420,17745
A034220,LG디스플레이,2005,1523,21451
A034220,LG디스플레이,2006,-2150,19255
A034220,LG디스플레이,2007,3756,23167
A034220,LG디스플레이,2008,3038,25924
A034220,LG디스플레이,2009,3043,28043
A034220,LG디스플레이,2010,3232,30843
A034220,LG디스플레이,2011,-2155,28271
A034220,LG디스플레이,2012,652,28534
A034220,LG디스플레이,2013,1191,29655
A034220,LG디스플레이,2014,2527,31948
A034220,LG디스플레이,2015,2701,34076
A034220,LG디스플레이,2016,2534,36209
A034220,LG디스플레이,2017,,
A000030,우리은행,2001,1290,5297
A000030,우리은행,2002,1410,7743
A000030,우리은행,2003,2377,9914
A000030,우리은행,2004,3173,11947
A000030,우리은행,2005,2242,15232
A000030,우리은행,2006,2583,17763
A000030,우리은행,2007,2657,19209
A000030,우리은행,2008,366,16887
A000030,우리은행,2009,1270,17793
A000030,우리은행,2010,1645,22905
A000030,우리은행,2011,2701,23654
A000030,우리은행,2012,1953,24267
A000030,우리은행,2013,-842,29911
A000030,우리은행,2014,1720,26647
A000030,우리은행,2015,1566,28436
A000030,우리은행,2016,1866,30208
A000030,우리은행,2017,,
A035720,카카오,2001,-2167,4492
A035720,카카오,2002,199,5749
A035720,카카오,2003,1731,8977
A035720,카카오,2004,-1222,7183
A035720,카카오,2005,-2210,5109
A035720,카카오,2006,1249,6708
A035720,카카오,2007,1227,8870
A035720,카카오,2008,3550,13448
A035720,카카오,2009,2395,16050
A035720,카카오,2010,6856,24276
A035720,카카오,2011,8080,34297
A035720,카카오,2012,5656,38158
A035720,카카오,2013,4532,13072
A035720,카카오,2014,6117,42651
A035720,카카오,2015,1269,42485
A035720,카카오,2016,874,50777
A035720,카카오,2017,,
A010130,고려아연,2001,1907,28593
A010130,고려아연,2002,4178,32922
A010130,고려아연,2003,2248,40313
A010130,고려아연,2004,5740,38564
A010130,고려아연,2005,3761,40893
A010130,고려아연,2006,22499,68469
A010130,고려아연,2007,22348,87361
A010130,고려아연,2008,14982,96914
A010130,고려아연,2009,21923,117245
A010130,고려아연,2010,27360,143451
A010130,고려아연,2011,37342,182490
A010130,고려아연,2012,29685,207361
A010130,고려아연,2013,23745,224494
A010130,고려아연,2014,26565,248406
A010130,고려아연,2015,26994,271901
A010130,고려아연,2016,31395,295176
A010130,고려아연,2017,,
A036570,엔씨소프트,2001,2501,28159
A036570,엔씨소프트,2002,11083,40968
A036570,엔씨소프트,2003,1683,12246
A036570,엔씨소프트,2004,3815,16547
A036570,엔씨소프트,2005,3305,19962
A036570,엔씨소프트,2006,1882,21797
A036570,엔씨소프트,2007,2205,24247
A036570,엔씨소프트,2008,1334,25523
A036570,엔씨소프트,2009,8560,34131
A036570,엔씨소프트,2010,8262,41747
A036570,엔씨소프트,2011,5529,44008
A036570,엔씨소프트,2012,7121,50384
A036570,엔씨소프트,2013,7245,56765
A036570,엔씨소프트,2014,10487,66702
A036570,엔씨소프트,2015,7542,81257
A036570,엔씨소프트,2016,12416,93096
A036570,엔씨소프트,2017,,
A009540,현대중공업,2001,-1028,44169
A009540,현대중공업,2002,-3408,47516
A009540,현대중공업,2003,1498,50367
A009540,현대중공업,2004,483,52268
A009540,현대중공업,2005,2412,54123
A009540,현대중공업,2006,9380,61482
A009540,현대중공업,2007,22843,81424
A009540,현대중공업,2008,29693,93746
A009540,현대중공업,2009,28243,148321
A009540,현대중공업,2010,37308,190434
A009540,현대중공업,2011,33671,233942
A009540,현대중공업,2012,13061,240543
A009540,현대중공업,2013,3667,245395
A009540,현대중공업,2014,-23279,218082
A009540,현대중공업,2015,-17762,193461
A009540,현대중공업,2016,7173,222413
A009540,현대중공업,2017,,
A024110,기업은행,2001,1484,6298
A024110,기업은행,2002,1469,7511
A024110,기업은행,2003,566,7543
A024110,기업은행,2004,914,8585
A024110,기업은행,2005,1921,10382
A024110,기업은행,2006,2599,12870
A024110,기업은행,2007,2882,14587
A024110,기업은행,2008,1880,13916
A024110,기업은행,2009,1238,14364
A024110,기업은행,2010,2353,18400
A024110,기업은행,2011,2453,20388
A024110,기업은행,2012,1998,21531
A024110,기업은행,2013,1429,22603
A024110,기업은행,2014,1719,23898
A024110,기업은행,2015,1902,26289
A024110,기업은행,2016,1917,27282
A024110,기업은행,2017,,
A009150,삼성전기,2001,1428,22986
A009150,삼성전기,2002,2695,24989
A009150,삼성전기,2003,-2824,21869
A009150,삼성전기,2004,1230,21365
A009150,삼성전기,2005,-867,21776
A009150,삼성전기,2006,1262,23390
A009150,삼성전기,2007,1454,25820
A009150,삼성전기,2008,620,25642
A009150,삼성전기,2009,2690,33106
A009150,삼성전기,2010,7148,44941
A009150,삼성전기,2011,4503,45295
A009150,삼성전기,2012,5680,50214
A009150,삼성전기,2013,4256,53812
A009150,삼성전기,2014,6478,58690
A009150,삼성전기,2015,144,56299
A009150,삼성전기,2016,190,56531
A009150,삼성전기,2017,,
A021240,코웨이,2001,710,3248
A021240,코웨이,2002,1033,4152
A021240,코웨이,2003,455,4182
A021240,코웨이,2004,602,4619
A021240,코웨이,2005,1102,4752
A021240,코웨이,2006,1010,5900
A021240,코웨이,2007,1562,7100
A021240,코웨이,2008,1734,8016
A021240,코웨이,2009,2023,9298
A021240,코웨이,2010,2376,9870
A021240,코웨이,2011,2166,10962
A021240,코웨이,2012,1219,11354
A021240,코웨이,2013,3178,13535
A021240,코웨이,2014,3238,15146
A021240,코웨이,2015,4449,17654
A021240,코웨이,2016,3167,17891
A021240,코웨이,2017,,
A035250,강원랜드,2001,10914,23063
A035250,강원랜드,2002,11051,34114
A035250,강원랜드,2003,1148,4338
A035250,강원랜드,2004,1268,5026
A035250,강원랜드,2005,1398,5976
A035250,강원랜드,2006,1159,6610
A035250,강원랜드,2007,1369,7501
A035250,강원랜드,2008,1446,8135
A035250,강원랜드,2009,1823,9420
A035250,강원랜드,2010,2031,10533
A035250,강원랜드,2011,1782,11331
A035250,강원랜드,2012,1431,11901
A035250,강원랜드,2013,1391,12580
A035250,강원랜드,2014,1680,13458
A035250,강원랜드,2015,2064,14824
A035250,강원랜드,2016,2125,16017
A035250,강원랜드,2017,,
A030200,KT,2001,3482,38068
A030200,KT,2002,6305,39158
A030200,KT,2003,2844,37828
A030200,KT,2004,4408,40053
A030200,KT,2005,3622,41741
A030200,KT,2006,4372,44258
A030200,KT,2007,3523,46095
A030200,KT,2008,1639,46271
A030200,KT,2009,1951,43485
A030200,KT,2010,4783,46134
A030200,KT,2011,5540,48477
A030200,KT,2012,4006,50707
A030200,KT,2013,-622,48552
A030200,KT,2014,-4040,42921
A030200,KT,2015,2118,44851
A030200,KT,2016,2723,47113
A030200,KT,2017,,
A004020,현대제철,2001,278,14223
A004020,현대제철,2002,1274,16122
A004020,현대제철,2003,2068,25118
A004020,현대제철,2004,4983,32064
A004020,현대제철,2005,11247,36280
A004020,현대제철,2006,5551,41195
A004020,현대제철,2007,6092,47631
A004020,현대제철,2008,9641,56777
A004020,현대제철,2009,13503,77608
A004020,현대제철,2010,10621,98874
A004020,현대제철,2011,8757,107087
A004020,현대제철,2012,9335,115433
A004020,현대제철,2013,8102,113276
A004020,현대제철,2014,6562,117001
A004020,현대제철,2015,5866,115590
A004020,현대제철,2016,6136,121394
A004020,현대제철,2017,,
A018880,한온시스템,2001,6736,29636
A018880,한온시스템,2002,7617,36076
A018880,한온시스템,2003,8293,43663
A018880,한온시스템,2004,1068,5093
A018880,한온시스템,2005,867,5584
A018880,한온시스템,2006,778,6138
A018880,한온시스템,2007,940,6961
A018880,한온시스템,2008,884,8274
A018880,한온시스템,2009,1418,9093
A018880,한온시스템,2010,1421,9963
A018880,한온시스템,2011,2091,11704
A018880,한온시스템,2012,2169,13082
A018880,한온시스템,2013,2776,13995
A018880,한온시스템,2014,2579,15160
A018880,한온시스템,2015,2159,16342
A018880,한온시스템,2016,547,3424
A018880,한온시스템,2017,,
A161390,한국타이어,2001,,
A161390,한국타이어,2002,,
A161390,한국타이어,2003,,
A161390,한국타이어,2004,,
A161390,한국타이어,2005,,
A161390,한국타이어,2006,,
A161390,한국타이어,2007,,
A161390,한국타이어,2008,,
A161390,한국타이어,2009,,
A161390,한국타이어,2010,,
A161390,한국타이어,2011,,
A161390,한국타이어,2012,1869,25939
A161390,한국타이어,2013,5957,31634
A161390,한국타이어,2014,5654,36424
A161390,한국타이어,2015,5291,41457
A161390,한국타이어,2016,7046,48036
A161390,한국타이어,2017,,
A023530,롯데쇼핑,2001,11100,100806
A023530,롯데쇼핑,2002,12550,113194
A023530,롯데쇼핑,2003,4563,119330
A023530,롯데쇼핑,2004,15124,134390
A023530,롯데쇼핑,2005,27311,161793
A023530,롯데쇼핑,2006,26393,258780
A023530,롯데쇼핑,2007,23831,281770
A023530,롯데쇼핑,2008,25576,304051
A023530,롯데쇼핑,2009,24667,424591
A023530,롯데쇼핑,2010,26798,432602
A023530,롯데쇼핑,2011,32084,480875
A023530,롯데쇼핑,2012,37195,512281
A023530,롯데쇼핑,2013,25048,515186
A023530,롯데쇼핑,2014,16724,531131
A023530,롯데쇼핑,2015,-12164,515941
A023530,롯데쇼핑,2016,5341,517811
A023530,롯데쇼핑,2017,,
A006800,미래에셋대우,2001,252,6075
A006800,미래에셋대우,2002,-296,5495
A006800,미래에셋대우,2003,649,6259
A006800,미래에셋대우,2004,-729,6496
A006800,미래에셋대우,2005,2010,8655
A006800,미래에셋대우,2006,2185,10509
A006800,미래에셋대우,2007,1650,12040
A006800,미래에셋대우,2008,884,12356
A006800,미래에셋대우,2009,1563,14150
A006800,미래에셋대우,2010,1045,14084
A006800,미래에셋대우,2011,620,12042
A006800,미래에셋대우,2012,422,12260
A006800,미래에셋대우,2013,-86,11826
A006800,미래에셋대우,2014,602,12571
A006800,미래에셋대우,2015,498,10195
A006800,미래에셋대우,2016,115,9889
A006800,미래에셋대우,2017,,
A267250,현대로보틱스,2001,,
A267250,현대로보틱스,2002,,
A267250,현대로보틱스,2003,,
A267250,현대로보틱스,2004,,
A267250,현대로보틱스,2005,,
A267250,현대로보틱스,2006,,
A267250,현대로보틱스,2007,,
A267250,현대로보틱스,2008,,
A267250,현대로보틱스,2009,,
A267250,현대로보틱스,2010,,
A267250,현대로보틱스,2011,,
A267250,현대로보틱스,2012,,
A267250,현대로보틱스,2013,,
A267250,현대로보틱스,2014,,
A267250,현대로보틱스,2015,,
A267250,현대로보틱스,2016,,
A267250,현대로보틱스,2017,,
A139480,이마트,2001,,
A139480,이마트,2002,,
A139480,이마트,2003,,
A139480,이마트,2004,,
A139480,이마트,2005,,
A139480,이마트,2006,,
A139480,이마트,2007,,
A139480,이마트,2008,,
A139480,이마트,2009,,
A139480,이마트,2010,,
A139480,이마트,2011,10971,196899
A139480,이마트,2012,15213,216175
A139480,이마트,2013,16762,235709
A139480,이마트,2014,10404,247900
A139480,이마트,2015,16312,250707
A139480,이마트,2016,13497,276181
A139480,이마트,2017,,
A088350,한화생명,2001,1499,747
A088350,한화생명,2002,1380,2234
A088350,한화생명,2003,866,3105
A088350,한화생명,2004,756,4001
A088350,한화생명,2005,528,4387
A088350,한화생명,2006,332,4867
A088350,한화생명,2007,505,5134
A088350,한화생명,2008,117,5072
A088350,한화생명,2009,582,6540
A088350,한화생명,2010,500,7555
A088350,한화생명,2011,589,7724
A088350,한화생명,2012,591,8335
A088350,한화생명,2013,409,8264
A088350,한화생명,2014,467,10348
A088350,한화생명,2015,610,11014
A088350,한화생명,2016,916,10884
A088350,한화생명,2017,,
A078930,GS,2001,,
A078930,GS,2002,,
A078930,GS,2003,,
A078930,GS,2004,2550,20460
A078930,GS,2005,4018,24463
A078930,GS,2006,4263,26712
A078930,GS,2007,3941,29543
A078930,GS,2008,165,38713
A078930,GS,2009,5321,43982
A078930,GS,2010,1352,47790
A078930,GS,2011,8170,63529
A078930,GS,2012,5217,66984
A078930,GS,2013,3778,69429
A078930,GS,2014,-3663,62381
A078930,GS,2015,5198,66752
A078930,GS,2016,8508,73546
A078930,GS,2017,,
A008930,한미사이언스,2001,2838,18063
A008930,한미사이언스,2002,3224,20437
A008930,한미사이언스,2003,2420,22086
A008930,한미사이언스,2004,4264,23890
A008930,한미사이언스,2005,5578,29208
A008930,한미사이언스,2006,9145,36414
A008930,한미사이언스,2007,6410,41641
A008930,한미사이언스,2008,8167,44656
A008930,한미사이언스,2009,5545,50722
A008930,한미사이언스,2010,1048,47231
A008930,한미사이언스,2011,-1551,41055
A008930,한미사이언스,2012,251,8280
A008930,한미사이언스,2013,184,8193
A008930,한미사이언스,2014,391,7967
A008930,한미사이언스,2015,3122,10532
A008930,한미사이언스,2016,136,11302
A008930,한미사이언스,2017,,
A001040,CJ,2001,2356,44760
A001040,CJ,2002,4619,46580
A001040,CJ,2003,7242,51611
A001040,CJ,2004,6294,56132
A001040,CJ,2005,5445,53372
A001040,CJ,2006,4814,54211
A001040,CJ,2007,1378,62093
A001040,CJ,2008,10431,70048
A001040,CJ,2009,6182,72495
A001040,CJ,2010,707,91406
A001040,CJ,2011,12735,103910
A001040,CJ,2012,7613,107589
A001040,CJ,2013,5154,109071
A001040,CJ,2014,7198,114587
A001040,CJ,2015,7069,120645
A001040,CJ,2016,7649,124760
A001040,CJ,2017,,
A128940,한미약품,2001,,
A128940,한미약품,2002,,
A128940,한미약품,2003,,
A128940,한미약품,2004,,
A128940,한미약품,2005,,
A128940,한미약품,2006,,
A128940,한미약품,2007,,
A128940,한미약품,2008,,
A128940,한미약품,2009,,
A128940,한미약품,2010,-3074,44577
A128940,한미약품,2011,172,44859
A128940,한미약품,2012,2870,46062
A128940,한미약품,2013,5305,49584
A128940,한미약품,2014,3676,54308
A128940,한미약품,2015,15096,66182
A128940,한미약품,2016,2235,64086
A128940,한미약품,2017,,
A086280,현대글로비스,2001,,
A086280,현대글로비스,2002,38634,39796
A086280,현대글로비스,2003,40396,81017
A086280,현대글로비스,2004,23217,46679
A086280,현대글로비스,2005,2647,9993
A086280,현대글로비스,2006,1778,11692
A086280,현대글로비스,2007,2161,13851
A086280,현대글로비스,2008,3138,16712
A086280,현대글로비스,2009,5061,22152
A086280,현대글로비스,2010,6216,30283
A086280,현대글로비스,2011,9568,39780
A086280,현대글로비스,2012,13271,51180
A086280,현대글로비스,2013,12834,62236
A086280,현대글로비스,2014,14300,73895
A086280,현대글로비스,2015,10052,82577
A086280,현대글로비스,2016,13483,92725
A086280,현대글로비스,2017,,
A032640,LG유플러스,2001,739,2936
A032640,LG유플러스,2002,262,3159
A032640,LG유플러스,2003,284,3448
A032640,LG유플러스,2004,105,3582
A032640,LG유플러스,2005,895,4507
A032640,LG유플러스,2006,858,5379
A032640,LG유플러스,2007,993,6395
A032640,LG유플러스,2008,1023,7094
A032640,LG유플러스,2009,1054,7786
A032640,LG유플러스,2010,1113,9034
A032640,LG유플러스,2011,164,7837
A032640,LG유플러스,2012,-122,8582
A032640,LG유플러스,2013,640,9209
A032640,LG유플러스,2014,523,9567
A032640,LG유플러스,2015,805,10187
A032640,LG유플러스,2016,1129,11054
A032640,LG유플러스,2017,,
A097950,CJ제일제당,2001,,
A097950,CJ제일제당,2002,,
A097950,CJ제일제당,2003,,
A097950,CJ제일제당,2004,,
A097950,CJ제일제당,2005,,
A097950,CJ제일제당,2006,,
A097950,CJ제일제당,2007,1352,52543
A097950,CJ제일제당,2008,1877,117802
A097950,CJ제일제당,2009,20053,135231
A097950,CJ제일제당,2010,41293,183216
A097950,CJ제일제당,2011,21158,200616
A097950,CJ제일제당,2012,17692,213450
A097950,CJ제일제당,2013,8089,206952
A097950,CJ제일제당,2014,6369,213385
A097950,CJ제일제당,2015,13073,223904
A097950,CJ제일제당,2016,19044,242224
A097950,CJ제일제당,2017,,
A047810,한국항공우주,2001,-669,3157
A047810,한국항공우주,2002,179,3273
A047810,한국항공우주,2003,113,3370
A047810,한국항공우주,2004,76,3446
A047810,한국항공우주,2005,12,3458
A047810,한국항공우주,2006,-1742,5018
A047810,한국항공우주,2007,49,5067
A047810,한국항공우주,2008,222,5289
A047810,한국항공우주,2009,1049,6393
A047810,한국항공우주,2010,995,7038
A047810,한국항공우주,2011,797,8676
A047810,한국항공우주,2012,760,9106
A047810,한국항공우주,2013,372,9276
A047810,한국항공우주,2014,1358,10266
A047810,한국항공우주,2015,2659,12459
A047810,한국항공우주,2016,2717,14830
A047810,한국항공우주,2017,,
A009830,한화케미칼,2001,-1634,10517
A009830,한화케미칼,2002,308,10288
A009830,한화케미칼,2003,1575,11437
A009830,한화케미칼,2004,3005,13609
A009830,한화케미칼,2005,3270,16117
A009830,한화케미칼,2006,2052,17384
A009830,한화케미칼,2007,2047,19778
A009830,한화케미칼,2008,329,16770
A009830,한화케미칼,2009,2448,18872
A009830,한화케미칼,2010,2024,22267
A009830,한화케미칼,2011,1807,29513
A009830,한화케미칼,2012,211,28964
A009830,한화케미칼,2013,59,28692
A009830,한화케미칼,2014,366,26824
A009830,한화케미칼,2015,1162,28415
A009830,한화케미칼,2016,4596,31850
A009830,한화케미칼,2017,,
A010140,삼성중공업,2001,238,7426
A010140,삼성중공업,2002,461,8178
A010140,삼성중공업,2003,652,8600
A010140,삼성중공업,2004,-141,10077
A010140,삼성중공업,2005,321,8539
A010140,삼성중공업,2006,667,9757
A010140,삼성중공업,2007,2101,10405
A010140,삼성중공업,2008,2716,12981
A010140,삼성중공업,2009,2900,15200
A010140,삼성중공업,2010,4227,20602
A010140,삼성중공업,2011,3685,22956
A010140,삼성중공업,2012,3448,25714
A010140,삼성중공업,2013,2737,28146
A010140,삼성중공업,2014,646,28173
A010140,삼성중공업,2015,-5218,22545
A010140,삼성중공업,2016,-448,18545
A010140,삼성중공업,2017,,
A005830,동부화재,2001,2111,4809
A005830,동부화재,2002,1118,5048
A005830,동부화재,2003,640,6887
A005830,동부화재,2004,1595,8088
A005830,동부화재,2005,1739,9051
A005830,동부화재,2006,1722,9778
A005830,동부화재,2007,3830,12281
A005830,동부화재,2008,3270,12286
A005830,동부화재,2009,3197,16993
A005830,동부화재,2010,2362,27265
A005830,동부화재,2011,5331,32351
A005830,동부화재,2012,6981,40540
A005830,동부화재,2013,3814,38752
A005830,동부화재,2014,5961,49200
A005830,동부화재,2015,5915,54173
A005830,동부화재,2016,7396,59312
A005830,동부화재,2017,,
A004990,롯데지주,2001,46346,401438
A004990,롯데지주,2002,72733,476088
A004990,롯데지주,2003,68345,553839
A004990,롯데지주,2004,64277,835281
A004990,롯데지주,2005,69743,894608
A004990,롯데지주,2006,175418,1065880
A004990,롯데지주,2007,76679,1162587
A004990,롯데지주,2008,125285,1280477
A004990,롯데지주,2009,67233,1709870
A004990,롯데지주,2010,86311,1841240
A004990,롯데지주,2011,68718,1784827
A004990,롯데지주,2012,64461,1907881
A004990,롯데지주,2013,35689,1982995
A004990,롯데지주,2014,-2006,1751163
A004990,롯데지주,2015,52927,1820200
A004990,롯데지주,2016,4911,171843
A004990,롯데지주,2017,,
A271560,오리온,2001,,
A271560,오리온,2002,,
A271560,오리온,2003,,
A271560,오리온,2004,,
A271560,오리온,2005,,
A271560,오리온,2006,,
A271560,오리온,2007,,
A271560,오리온,2008,,
A271560,오리온,2009,,
A271560,오리온,2010,,
A271560,오리온,2011,,
A271560,오리온,2012,,
A271560,오리온,2013,,
A271560,오리온,2014,,
A271560,오리온,2015,,
A271560,오리온,2016,,
A271560,오리온,2017,,
A004800,효성,2001,1925,64491
A004800,효성,2002,1671,60421
A004800,효성,2003,1589,58976
A004800,효성,2004,2680,44121
A004800,효성,2005,-1791,39653
A004800,효성,2006,2400,40118
A004800,효성,2007,4756,44596
A004800,효성,2008,3883,70796
A004800,효성,2009,9651,78922
A004800,효성,2010,5995,81932
A004800,효성,2011,-1281,82667
A004800,효성,2012,4460,84321
A004800,효성,2013,-6526,74978
A004800,효성,2014,7667,80480
A004800,효성,2015,14030,93756
A004800,효성,2016,12972,104034
A004800,효성,2017,,
A029780,삼성카드,2001,13122,29168
A029780,삼성카드,2002,12104,39216
A029780,삼성카드,2003,-25143,12722
A029780,삼성카드,2004,-5345,5469
A029780,삼성카드,2005,-2922,3012
A029780,삼성카드,2006,2604,17501
A029780,삼성카드,2007,4980,30634
A029780,삼성카드,2008,2096,30707
A029780,삼성카드,2009,4911,36047
A029780,삼성카드,2010,9765,50463
A029780,삼성카드,2011,3051,49920
A029780,삼성카드,2012,6127,51241
A029780,삼성카드,2013,2358,53590
A029780,삼성카드,2014,5662,55210
A029780,삼성카드,2015,2880,57782
A029780,삼성카드,2016,3016,59681
A029780,삼성카드,2017,,
A000720,현대건설,2001,-3071,1400
A000720,현대건설,2002,39,1225
A000720,현대건설,2003,4476,13211
A000720,현대건설,2004,617,8090
A000720,현대건설,2005,2989,12022
A000720,현대건설,2006,3623,16460
A000720,현대건설,2007,2503,20610
A000720,현대건설,2008,3363,26041
A000720,현대건설,2009,4107,27147
A000720,현대건설,2010,3896,36550
A000720,현대건설,2011,5701,37711
A000720,현대건설,2012,4575,40811
A000720,현대건설,2013,3957,43270
A000720,현대건설,2014,2972,47477
A000720,현대건설,2015,3777,51324
A000720,현대건설,2016,5133,56786
A000720,현대건설,2017,,
A002380,KCC,2001,7959,108018
A002380,KCC,2002,13717,119143
A002380,KCC,2003,18146,170622
A002380,KCC,2004,12417,178503
A002380,KCC,2005,16926,215079
A002380,KCC,2006,18635,256187
A002380,KCC,2007,19303,438934
A002380,KCC,2008,17801,336675
A002380,KCC,2009,34301,437335
A002380,KCC,2010,30155,554029
A002380,KCC,2011,30967,486417
A002380,KCC,2012,42265,480284
A002380,KCC,2013,23558,492764
A002380,KCC,2014,30964,600744
A002380,KCC,2015,17443,566549
A002380,KCC,2016,14430,575837
A002380,KCC,2017,,
A011070,LG이노텍,2001,-580,18761
A011070,LG이노텍,2002,271,19439
A011070,LG이노텍,2003,1692,22317
A011070,LG이노텍,2004,2400,23978
A011070,LG이노텍,2005,3059,27123
A011070,LG이노텍,2006,352,26054
A011070,LG이노텍,2007,2920,29680
A011070,LG이노텍,2008,5551,40907
A011070,LG이노텍,2009,2275,51697
A011070,LG이노텍,2010,10240,73048
A011070,LG이노텍,2011,-7211,65733
A011070,LG이노텍,2012,-1237,62892
A011070,LG이노텍,2013,770,65303
A011070,LG이노텍,2014,4761,71695
A011070,LG이노텍,2015,4018,74592
A011070,LG이노텍,2016,209,75159
A011070,LG이노텍,2017,,
A001450,현대해상,2001,14361,32233
A001450,현대해상,2002,4612,37937
A001450,현대해상,2003,5595,45335
A001450,현대해상,2004,762,5321
A001450,현대해상,2005,496,5525
A001450,현대해상,2006,472,5588
A001450,현대해상,2007,1918,7639
A001450,현대해상,2008,1288,9603
A001450,현대해상,2009,2063,12147
A001450,현대해상,2010,2247,15912
A001450,현대해상,2011,4532,19985
A001450,현대해상,2012,4140,24152
A001450,현대해상,2013,2334,22975
A001450,현대해상,2014,2628,26760
A001450,현대해상,2015,2375,28414
A001450,현대해상,2016,4585,32278
A001450,현대해상,2017,,
A009240,한샘,2001,635,4289
A009240,한샘,2002,1078,5663
A009240,한샘,2003,591,6029
A009240,한샘,2004,311,6105
A009240,한샘,2005,144,6058
A009240,한샘,2006,579,6456
A009240,한샘,2007,670,6901
A009240,한샘,2008,891,7663
A009240,한샘,2009,985,8285
A009240,한샘,2010,1303,9136
A009240,한샘,2011,1670,10265
A009240,한샘,2012,1677,11346
A009240,한샘,2013,2607,13424
A009240,한샘,2014,3682,16557
A009240,한샘,2015,4872,20688
A009240,한샘,2016,5419,25206
A009240,한샘,2017,,
A036460,한국가스공사,2001,3841,35333
A036460,한국가스공사,2002,3860,38955
A036460,한국가스공사,2003,3731,41365
A036460,한국가스공사,2004,4180,43670
A036460,한국가스공사,2005,3188,45101
A036460,한국가스공사,2006,3111,47073
A036460,한국가스공사,2007,4720,50971
A036460,한국가스공사,2008,4280,54098
A036460,한국가스공사,2009,3080,68107
A036460,한국가스공사,2010,3240,95241
A036460,한국가스공사,2011,2348,105478
A036460,한국가스공사,2012,4744,109734
A036460,한국가스공사,2013,-2430,97876
A036460,한국가스공사,2014,4845,106451
A036460,한국가스공사,2015,3458,110053
A036460,한국가스공사,2016,-7302,101569
A036460,한국가스공사,2017,,
A027410,BGF리테일,2001,1376,6468
A027410,BGF리테일,2002,2483,8589
A027410,BGF리테일,2003,3423,11512
A027410,BGF리테일,2004,4222,15234
A027410,BGF리테일,2005,5146,19555
A027410,BGF리테일,2006,5532,24328
A027410,BGF리테일,2007,6368,29942
A027410,BGF리테일,2008,8117,36553
A027410,BGF리테일,2009,10008,42914
A027410,BGF리테일,2010,13716,55134
A027410,BGF리테일,2011,16147,68829
A027410,BGF리테일,2012,7246,30698
A027410,BGF리테일,2013,2796,7860
A027410,BGF리테일,2014,4125,23190
A027410,BGF리테일,2015,6144,31213
A027410,BGF리테일,2016,3704,18650
A027410,BGF리테일,2017,,
A005940,NH투자증권,2001,943,10811
A005940,NH투자증권,2002,362,10872
A005940,NH투자증권,2003,30,11413
A005940,NH투자증권,2004,296,12758
A005940,NH투자증권,2005,1683,13386
A005940,NH투자증권,2006,1412,14173
A005940,NH투자증권,2007,2155,16006
A005940,NH투자증권,2008,1201,15615
A005940,NH투자증권,2009,1193,16667
A005940,NH투자증권,2010,1061,18039
A005940,NH투자증권,2011,945,15880
A005940,NH투자증권,2012,399,16025
A005940,NH투자증권,2013,74,15866
A005940,NH투자증권,2014,371,14618
A005940,NH투자증권,2015,716,15194
A005940,NH투자증권,2016,786,15516
A005940,NH투자증권,2017,,
A012750,에스원,2001,640,7645
A012750,에스원,2002,930,8624
A012750,에스원,2003,1287,9758
A012750,에스원,2004,1520,10877
A012750,에스원,2005,1911,12216
A012750,에스원,2006,2171,13632
A012750,에스원,2007,2737,15518
A012750,에스원,2008,3023,17550
A012750,에스원,2009,2548,19068
A012750,에스원,2010,2903,21358
A012750,에스원,2011,3324,23553
A012750,에스원,2012,2656,24161
A012750,에스원,2013,2119,25332
A012750,에스원,2014,2882,27085
A012750,에스원,2015,4043,29891
A012750,에스원,2016,3698,33045
A012750,에스원,2017,,
A071050,한국금융지주,2001,,
A071050,한국금융지주,2002,,
A071050,한국금융지주,2003,1922,16395
A071050,한국금융지주,2004,1510,19293
A071050,한국금융지주,2005,10132,28023
A071050,한국금융지주,2006,3852,30853
A071050,한국금융지주,2007,5157,35928
A071050,한국금융지주,2008,-2543,30260
A071050,한국금융지주,2009,3791,34495
A071050,한국금융지주,2010,-541,33581
A071050,한국금융지주,2011,4860,41346
A071050,한국금융지주,2012,3395,43694
A071050,한국금융지주,2013,1054,44047
A071050,한국금융지주,2014,4293,47250
A071050,한국금융지주,2015,5820,52291
A071050,한국금융지주,2016,5020,55663
A071050,한국금융지주,2017,,
A000120,CJ대한통운,2001,7243,86035
A000120,CJ대한통운,2002,4273,73054
A000120,CJ대한통운,2003,3789,76764
A000120,CJ대한통운,2004,1794,70570
A000120,CJ대한통운,2005,4321,75064
A000120,CJ대한통운,2006,-24639,37929
A000120,CJ대한통운,2007,4754,42710
A000120,CJ대한통운,2008,3895,122667
A000120,CJ대한통운,2009,232,100845
A000120,CJ대한통운,2010,2927,117224
A000120,CJ대한통운,2011,3703,118018
A000120,CJ대한통운,2012,3630,121359
A000120,CJ대한통운,2013,-2445,120396
A000120,CJ대한통운,2014,2510,121311
A000120,CJ대한통운,2015,2014,124143
A000120,CJ대한통운,2016,2446,125144
A000120,CJ대한통운,2017,,
A000880,한화,2001,-3872,10498
A000880,한화,2002,-2604,7786
A000880,한화,2003,931,9502
A000880,한화,2004,3204,15150
A000880,한화,2005,1513,13051
A000880,한화,2006,3617,16453
A000880,한화,2007,2878,17486
A000880,한화,2008,3889,23329
A000880,한화,2009,7443,31007
A000880,한화,2010,1722,34277
A000880,한화,2011,1783,62388
A000880,한화,2012,3799,57018
A000880,한화,2013,1723,57276
A000880,한화,2014,-4831,58049
A000880,한화,2015,-3778,55347
A000880,한화,2016,6087,45234
A000880,한화,2017,,
A008770,호텔신라,2001,251,10630
A008770,호텔신라,2002,162,10819
A008770,호텔신라,2003,251,10958
A008770,호텔신라,2004,351,11186
A008770,호텔신라,2005,526,11792
A008770,호텔신라,2006,445,11940
A008770,호텔신라,2007,428,12390
A008770,호텔신라,2008,624,12509
A008770,호텔신라,2009,787,13305
A008770,호텔신라,2010,1235,14285
A008770,호텔신라,2011,1403,15141
A008770,호텔신라,2012,2525,17328
A008770,호텔신라,2013,270,17062
A008770,호텔신라,2014,1837,18348
A008770,호텔신라,2015,462,18697
A008770,호텔신라,2016,696,19150
A008770,호텔신라,2017,,
A016360,삼성증권,2001,830,23017
A016360,삼성증권,2002,885,23969
A016360,삼성증권,2003,1447,25304
A016360,삼성증권,2004,470,24908
A016360,삼성증권,2005,3292,28339
A016360,삼성증권,2006,3056,30069
A016360,삼성증권,2007,5360,35700
A016360,삼성증권,2008,3437,37526
A016360,삼성증권,2009,3670,40565
A016360,삼성증권,2010,3551,43089
A016360,삼성증권,2011,2419,43885
A016360,삼성증권,2012,2142,45120
A016360,삼성증권,2013,144,44505
A016360,삼성증권,2014,3002,47220
A016360,삼성증권,2015,3598,50123
A016360,삼성증권,2016,2280,50068
A016360,삼성증권,2017,,
A000210,대림산업,2001,584,38455
A000210,대림산업,2002,2785,35894
A000210,대림산업,2003,5009,40806
A000210,대림산업,2004,10841,51217
A000210,대림산업,2005,8884,59217
A000210,대림산업,2006,6569,65026
A000210,대림산업,2007,11911,76462
A000210,대림산업,2008,2629,82659
A000210,대림산업,2009,8891,98292
A000210,대림산업,2010,5275,104334
A000210,대림산업,2011,9473,114427
A000210,대림산업,2012,10133,123800
A000210,대림산업,2013,-643,122126
A000210,대림산업,2014,-11762,109537
A000210,대림산업,2015,5357,112559
A000210,대림산업,2016,6873,119454
A000210,대림산업,2017,,
A138930,BNK금융지주,2001,,
A138930,BNK금융지주,2002,,
A138930,BNK금융지주,2003,,
A138930,BNK금융지주,2004,,
A138930,BNK금융지주,2005,,
A138930,BNK금융지주,2006,,
A138930,BNK금융지주,2007,,
A138930,BNK금융지주,2008,,
A138930,BNK금융지주,2009,,
A138930,BNK금융지주,2010,,
A138930,BNK금융지주,2011,2070,15289
A138930,BNK금융지주,2012,1892,16875
A138930,BNK금융지주,2013,1575,18104
A138930,BNK금융지주,2014,3749,20333
A138930,BNK금융지주,2015,1967,23000
A138930,BNK금융지주,2016,1556,20810
A138930,BNK금융지주,2017,,
A204320,만도,2001,,
A204320,만도,2002,,
A204320,만도,2003,,
A204320,만도,2004,,
A204320,만도,2005,,
A204320,만도,2006,,
A204320,만도,2007,,
A204320,만도,2008,,
A204320,만도,2009,,
A204320,만도,2010,,
A204320,만도,2011,,
A204320,만도,2012,,
A204320,만도,2013,,
A204320,만도,2014,5061,113193
A204320,만도,2015,13395,141318
A204320,만도,2016,21243,156515
A204320,만도,2017,,
A010060,OCI,2001,-11631,37354
A010060,OCI,2002,2327,37747
A010060,OCI,2003,2569,39110
A010060,OCI,2004,2770,39492
A010060,OCI,2005,1460,40049
A010060,OCI,2006,3422,40335
A010060,OCI,2007,6801,52700
A010060,OCI,2008,15462,63897
A010060,OCI,2009,18161,69003
A010060,OCI,2010,25266,92233
A010060,OCI,2011,32621,139821
A010060,OCI,2012,-2866,133074
A010060,OCI,2013,-13741,118766
A010060,OCI,2014,-835,116845
A010060,OCI,2015,4206,123914
A010060,OCI,2016,10152,133995
A010060,OCI,2017,,
A012630,현대산업,2001,-1295,13563
A012630,현대산업,2002,1420,14971
A012630,현대산업,2003,2750,17425
A012630,현대산업,2004,2783,19786
A012630,현대산업,2005,4277,23358
A012630,현대산업,2006,3849,26358
A012630,현대산업,2007,4739,30910
A012630,현대산업,2008,3022,31612
A012630,현대산업,2009,652,31470
A012630,현대산업,2010,1544,32746
A012630,현대산업,2011,2942,33070
A012630,현대산업,2012,-5,32316
A012630,현대산업,2013,-2768,29257
A012630,현대산업,2014,913,30039
A012630,현대산업,2015,2876,32386
A012630,현대산업,2016,4069,35893
A012630,현대산업,2017,,
A003490,대한항공,2001,-9853,42359
A003490,대한항공,2002,6766,49270
A003490,대한항공,2003,-3382,46864
A003490,대한항공,2004,7287,53093
A003490,대한항공,2005,2811,56076
A003490,대한항공,2006,5373,60822
A003490,대한항공,2007,179,60593
A003490,대한항공,2008,-26989,39199
A003490,대한항공,2009,-1374,42370
A003490,대한항공,2010,5226,35998
A003490,대한항공,2011,-3040,34265
A003490,대한항공,2012,3424,35573
A003490,대한항공,2013,-3372,44020
A003490,대한항공,2014,-10627,34773
A003490,대한항공,2015,-7892,32130
A003490,대한항공,2016,-7639,23698
A003490,대한항공,2017,,
A026960,동서,2001,12788,77531
A026960,동서,2002,15960,93229
A026960,동서,2003,1781,10652
A026960,동서,2004,1794,11897
A026960,동서,2005,2244,13092
A026960,동서,2006,2144,14593
A026960,동서,2007,2566,16517
A026960,동서,2008,3024,18854
A026960,동서,2009,3618,21612
A026960,동서,2010,2838,23879
A026960,동서,2011,3265,27807
A026960,동서,2012,2069,15383
A026960,동서,2013,1240,9914
A026960,동서,2014,1279,10601
A026960,동서,2015,1220,11244
A026960,동서,2016,1194,11802
A026960,동서,2017,,
A047040,대우건설,2001,2007,11333
A047040,대우건설,2002,784,10445
A047040,대우건설,2003,490,5687
A047040,대우건설,2004,730,6098
A047040,대우건설,2005,1199,7150
A047040,대우건설,2006,1292,8175
A047040,대우건설,2007,2780,9524
A047040,대우건설,2008,758,10467
A047040,대우건설,2009,246,9769
A047040,대우건설,2010,-2492,8077
A047040,대우건설,2011,426,8291
A047040,대우건설,2012,426,8313
A047040,대우건설,2013,-1727,6491
A047040,대우건설,2014,319,6572
A047040,대우건설,2015,255,6827
A047040,대우건설,2016,-1770,5133
A047040,대우건설,2017,,
A000150,두산,2001,-1011,36926
A000150,두산,2002,-9487,26962
A000150,두산,2003,388,25976
A000150,두산,2004,-1521,26202
A000150,두산,2005,280,23965
A000150,두산,2006,785,23708
A000150,두산,2007,1165,25493
A000150,두산,2008,3614,54478
A000150,두산,2009,7598,62486
A000150,두산,2010,4373,71874
A000150,두산,2011,9893,114378
A000150,두산,2012,3451,110851
A000150,두산,2013,4703,124714
A000150,두산,2014,2478,119600
A000150,두산,2015,-14671,110105
A000150,두산,2016,7384,106038
A000150,두산,2017,,
A007070,GS리테일,2001,15006,163177
A007070,GS리테일,2002,5324,27754
A007070,GS리테일,2003,4167,31596
A007070,GS리테일,2004,1674,31655
A007070,GS리테일,2005,2264,33446
A007070,GS리테일,2006,2689,35635
A007070,GS리테일,2007,2371,37506
A007070,GS리테일,2008,3375,57376
A007070,GS리테일,2009,8101,64127
A007070,GS리테일,2010,28710,89342
A007070,GS리테일,2011,1215,18574
A007070,GS리테일,2012,1603,19798
A007070,GS리테일,2013,1546,20969
A007070,GS리테일,2014,1445,21838
A007070,GS리테일,2015,2133,23281
A007070,GS리테일,2016,3562,25842
A007070,GS리테일,2017,,
A008560,메리츠종금증권,2001,639,7461
A008560,메리츠종금증권,2002,10,7010
A008560,메리츠종금증권,2003,326,7195
A008560,메리츠종금증권,2004,-112,6417
A008560,메리츠종금증권,2005,591,7094
A008560,메리츠종금증권,2006,773,7681
A008560,메리츠종금증권,2007,960,9236
A008560,메리츠종금증권,2008,79,1862
A008560,메리츠종금증권,2009,76,1951
A008560,메리츠종금증권,2010,25,2039
A008560,메리츠종금증권,2011,172,2192
A008560,메리츠종금증권,2012,190,2288
A008560,메리츠종금증권,2013,167,2340
A008560,메리츠종금증권,2014,465,2917
A008560,메리츠종금증권,2015,726,3480
A008560,메리츠종금증권,2016,511,3802
A008560,메리츠종금증권,2017,,
A007310,오뚜기,2001,3349,45076
A007310,오뚜기,2002,5058,49982
A007310,오뚜기,2003,6444,56454
A007310,오뚜기,2004,8215,64331
A007310,오뚜기,2005,10292,74029
A007310,오뚜기,2006,9235,81492
A007310,오뚜기,2007,13362,93368
A007310,오뚜기,2008,15332,108727
A007310,오뚜기,2009,17691,124883
A007310,오뚜기,2010,15322,138442
A007310,오뚜기,2011,20343,172497
A007310,오뚜기,2012,21725,191175
A007310,오뚜기,2013,26557,216534
A007310,오뚜기,2014,27258,240233
A007310,오뚜기,2015,30365,276645
A007310,오뚜기,2016,39977,303907
A007310,오뚜기,2017,,
A028670,팬오션,2001,,
A028670,팬오션,2002,1630,6284
A028670,팬오션,2003,1421,7713
A028670,팬오션,2004,6976,13946
A028670,팬오션,2005,164,454
A028670,팬오션,2006,59,480
A028670,팬오션,2007,239,843
A028670,팬오션,2008,2598,13365
A028670,팬오션,2009,-446,11928
A028670,팬오션,2010,381,11911
A028670,팬오션,2011,-111,11874
A028670,팬오션,2012,-2260,8715
A028670,팬오션,2013,-127012,1927
A028670,팬오션,2014,4844,6625
A028670,팬오션,2015,125,4588
A028670,팬오션,2016,184,4754
A028670,팬오션,2017,,
A006280,녹십자,2001,37125,8075
A006280,녹십자,2002,1004,7035
A006280,녹십자,2003,1584,7161
A006280,녹십자,2004,1508,13178
A006280,녹십자,2005,3236,16897
A006280,녹십자,2006,3862,21009
A006280,녹십자,2007,4922,26713
A006280,녹십자,2008,5423,30161
A006280,녹십자,2009,8936,39880
A006280,녹십자,2010,12276,55573
A006280,녹십자,2011,5548,61071
A006280,녹십자,2012,5295,66369
A006280,녹십자,2013,6201,71622
A006280,녹십자,2014,7183,77574
A006280,녹십자,2015,8126,83063
A006280,녹십자,2016,5388,88031
A006280,녹십자,2017,,
A028050,삼성엔지니어링,2001,505,8420
A028050,삼성엔지니어링,2002,263,8684
A028050,삼성엔지니어링,2003,-2238,6348
A028050,삼성엔지니어링,2004,952,7275
A028050,삼성엔지니어링,2005,1507,8664
A028050,삼성엔지니어링,2006,2764,10994
A028050,삼성엔지니어링,2007,3874,14274
A028050,삼성엔지니어링,2008,4709,17881
A028050,삼성엔지니어링,2009,6472,23249
A028050,삼성엔지니어링,2010,8806,31337
A028050,삼성엔지니어링,2011,12832,40887
A028050,삼성엔지니어링,2012,13180,49324
A028050,삼성엔지니어링,2013,-17677,29779
A028050,삼성엔지니어링,2014,1375,30934
A028050,삼성엔지니어링,2015,-32632,-746
A028050,삼성엔지니어링,2016,146,5158
A028050,삼성엔지니어링,2017,,
A006260,LS,2001,3177,29121
A006260,LS,2002,2267,30150
A006260,LS,2003,1812,32023
A006260,LS,2004,3659,35635
A006260,LS,2005,3484,37276
A006260,LS,2006,6687,43356
A006260,LS,2007,5713,48737
A006260,LS,2008,-940,47558
A006260,LS,2009,6718,51997
A006260,LS,2010,1481,50772
A006260,LS,2011,3653,69756
A006260,LS,2012,5284,74649
A006260,LS,2013,3820,77443
A006260,LS,2014,1397,77118
A006260,LS,2015,-3064,73936
A006260,LS,2016,5223,78559
A006260,LS,2017,,
A004170,신세계,2001,10564,60560
A004170,신세계,2002,15521,73373
A004170,신세계,2003,19005,88363
A004170,신세계,2004,21184,105046
A004170,신세계,2005,23214,127070
A004170,신세계,2006,25099,150894
A004170,신세계,2007,26541,175961
A004170,신세계,2008,30424,204443
A004170,신세계,2009,30118,235487
A004170,신세계,2010,59368,388416
A004170,신세계,2011,182729,199903
A004170,신세계,2012,16415,224549
A004170,신세계,2013,16010,245179
A004170,신세계,2014,15908,266050
A004170,신세계,2015,40843,307447
A004170,신세계,2016,23071,328862
A004170,신세계,2017,,
A047050,포스코대우,2001,-3776,8166
A047050,포스코대우,2002,2008,10356
A047050,포스코대우,2003,580,5521
A047050,포스코대우,2004,1202,6577
A047050,포스코대우,2005,1814,8818
A047050,포스코대우,2006,1188,9578
A047050,포스코대우,2007,1074,10404
A047050,포스코대우,2008,926,11270
A047050,포스코대우,2009,1274,14204
A047050,포스코대우,2010,22,13125
A047050,포스코대우,2011,2064,18485
A047050,포스코대우,2012,1860,19213
A047050,포스코대우,2013,1214,19561
A047050,포스코대우,2014,1620,20887
A047050,포스코대우,2015,1132,21442
A047050,포스코대우,2016,977,22093
A047050,포스코대우,2017,,
A000100,유한양행,2001,6584,57675
A000100,유한양행,2002,6538,58751
A000100,유한양행,2003,7612,65373
A000100,유한양행,2004,7052,69322
A000100,유한양행,2005,7855,73429
A000100,유한양행,2006,7807,77198
A000100,유한양행,2007,9849,82791
A000100,유한양행,2008,12768,90356
A000100,유한양행,2009,11716,96847
A000100,유한양행,2010,12366,103776
A000100,유한양행,2011,8273,107887
A000100,유한양행,2012,7093,113958
A000100,유한양행,2013,7592,119850
A000100,유한양행,2014,7986,125883
A000100,유한양행,2015,11068,134142
A000100,유한양행,2016,14159,145888
A000100,유한양행,2017,,
A030000,제일기획,2001,7648,51843
A030000,제일기획,2002,8824,60779
A030000,제일기획,2003,9603,69096
A030000,제일기획,2004,9283,78034
A030000,제일기획,2005,11452,86221
A030000,제일기획,2006,15132,96580
A030000,제일기획,2007,12811,104363
A030000,제일기획,2008,19008,118290
A030000,제일기획,2009,19786,129841
A030000,제일기획,2010,759,5824
A030000,제일기획,2011,811,6374
A030000,제일기획,2012,817,7020
A030000,제일기획,2013,857,7816
A030000,제일기획,2014,883,8704
A030000,제일기획,2015,691,9289
A030000,제일기획,2016,767,9090
A030000,제일기획,2017,,
A011780,금호석유,2001,-3918,17282
A011780,금호석유,2002,321,15710
A011780,금호석유,2003,615,18807
A011780,금호석유,2004,4445,26699
A011780,금호석유,2005,4268,30954
A011780,금호석유,2006,2801,28578
A011780,금호석유,2007,4725,31848
A011780,금호석유,2008,-694,42295
A011780,금호석유,2009,-21613,20219
A011780,금호석유,2010,6833,27578
A011780,금호석유,2011,15097,44423
A011780,금호석유,2012,3869,47407
A011780,금호석유,2013,-368,45236
A011780,금호석유,2014,2782,47764
A011780,금호석유,2015,3550,47677
A011780,금호석유,2016,2187,49559
A011780,금호석유,2017,,
A010620,현대미포조선,2001,-4285,18782
A010620,현대미포조선,2002,-5100,13567
A010620,현대미포조선,2003,2269,17533
A010620,현대미포조선,2004,5394,23258
A010620,현대미포조선,2005,6414,35955
A010620,현대미포조선,2006,11813,63096
A010620,현대미포조선,2007,26460,157921
A010620,현대미포조선,2008,25957,116875
A010620,현대미포조선,2009,18933,133900
A010620,현대미포조선,2010,22128,205985
A010620,현대미포조선,2011,9992,163132
A010620,현대미포조선,2012,4876,161427
A010620,현대미포조선,2013,-11889,156900
A010620,현대미포조선,2014,-31642,91343
A010620,현대미포조선,2015,1910,84070
A010620,현대미포조선,2016,1729,107443
A010620,현대미포조선,2017,,
A069960,현대백화점,2001,,
A069960,현대백화점,2002,569,30227
A069960,현대백화점,2003,2874,33575
A069960,현대백화점,2004,3373,36765
A069960,현대백화점,2005,7043,42900
A069960,현대백화점,2006,7880,49448
A069960,현대백화점,2007,8218,58091
A069960,현대백화점,2008,9798,66150
A069960,현대백화점,2009,10526,75741
A069960,현대백화점,2010,8397,82315
A069960,현대백화점,2011,15027,106702
A069960,현대백화점,2012,13755,119746
A069960,현대백화점,2013,12771,131382
A069960,현대백화점,2014,11470,140923
A069960,현대백화점,2015,10294,151083
A069960,현대백화점,2016,11784,161839
A069960,현대백화점,2017,,
A004370,농심,2001,10345,87889
A004370,농심,2002,10534,99980
A004370,농심,2003,15116,115686
A004370,농심,2004,22273,133114
A004370,농심,2005,20562,149953
A004370,농심,2006,18681,167844
A004370,농심,2007,16997,181808
A004370,농심,2008,12900,195731
A004370,농심,2009,20954,211836
A004370,농심,2010,22696,249735
A004370,농심,2011,13938,259430
A004370,농심,2012,-1115,250158
A004370,농심,2013,14533,259740
A004370,농심,2014,10687,265581
A004370,농심,2015,19291,282078
A004370,농심,2016,32764,307539
A004370,농심,2017,,
A042670,두산인프라코어,2001,501,3898
A042670,두산인프라코어,2002,601,4474
A042670,두산인프라코어,2003,978,5489
A042670,두산인프라코어,2004,732,6213
A042670,두산인프라코어,2005,807,6994
A042670,두산인프라코어,2006,807,7500
A042670,두산인프라코어,2007,1072,7786
A042670,두산인프라코어,2008,-724,10378
A042670,두산인프라코어,2009,-1849,7611
A042670,두산인프라코어,2010,1126,8499
A042670,두산인프라코어,2011,1770,10946
A042670,두산인프라코어,2012,2018,14569
A042670,두산인프라코어,2013,-596,14398
A042670,두산인프라코어,2014,202,13493
A042670,두산인프라코어,2015,-3948,9744
A042670,두산인프라코어,2016,305,9932
A042670,두산인프라코어,2017,,
A012450,한화테크윈,2001,-993,7921
A012450,한화테크윈,2002,447,8348
A012450,한화테크윈,2003,513,8872
A012450,한화테크윈,2004,327,8438
A012450,한화테크윈,2005,1123,9385
A012450,한화테크윈,2006,2050,11125
A012450,한화테크윈,2007,2638,13418
A012450,한화테크윈,2008,956,14096
A012450,한화테크윈,2009,2300,19751
A012450,한화테크윈,2010,4394,23830
A012450,한화테크윈,2011,4346,29929
A012450,한화테크윈,2012,2466,29659
A012450,한화테크윈,2013,2494,32059
A012450,한화테크윈,2014,-2236,30891
A012450,한화테크윈,2015,108,42224
A012450,한화테크윈,2016,6498,44025
A012450,한화테크윈,2017,,
A003410,쌍용양회,2001,-2489,1306
A003410,쌍용양회,2002,350,2438
A003410,쌍용양회,2003,532,2931
A003410,쌍용양회,2004,231,3319
A003410,쌍용양회,2005,-348,14692
A003410,쌍용양회,2006,-673,13946
A003410,쌍용양회,2007,84,13978
A003410,쌍용양회,2008,-2101,11558
A003410,쌍용양회,2009,-33,11594
A003410,쌍용양회,2010,27,13174
A003410,쌍용양회,2011,-572,13300
A003410,쌍용양회,2012,416,13637
A003410,쌍용양회,2013,503,14140
A003410,쌍용양회,2014,1311,15276
A003410,쌍용양회,2015,957,16097
A003410,쌍용양회,2016,2002,18137
A003410,쌍용양회,2017,,
A006360,GS건설,2001,3129,18565
A006360,GS건설,2002,3151,20830
A006360,GS건설,2003,3167,22862
A006360,GS건설,2004,3061,25640
A006360,GS건설,2005,5199,28665
A006360,GS건설,2006,7587,35200
A006360,GS건설,2007,7830,42546
A006360,GS건설,2008,7481,61074
A006360,GS건설,2009,7506,66315
A006360,GS건설,2010,7580,72347
A006360,GS건설,2011,8307,74846
A006360,GS건설,2012,1693,72626
A006360,GS건설,2013,-16239,57641
A006360,GS건설,2014,-652,47136
A006360,GS건설,2015,367,47324
A006360,GS건설,2016,-363,47247
A006360,GS건설,2017,,
A000670,영풍,2001,-6427,277171
A000670,영풍,2002,2562,273804
A000670,영풍,2003,12659,291295
A000670,영풍,2004,27895,294815
A000670,영풍,2005,17637,328019
A000670,영풍,2006,61706,397667
A000670,영풍,2007,89614,466606
A000670,영풍,2008,76649,512172
A000670,영풍,2009,78074,597409
A000670,영풍,2010,33167,775744
A000670,영풍,2011,125931,1050740
A000670,영풍,2012,160228,1183432
A000670,영풍,2013,116826,1286358
A000670,영풍,2014,69540,1352695
A000670,영풍,2015,69989,1424207
A000670,영풍,2016,88137,1501665
A000670,영풍,2017,,
A114090,GKL,2001,,
A114090,GKL,2002,,
A114090,GKL,2003,,
A114090,GKL,2004,,
A114090,GKL,2005,-3545,8008
A114090,GKL,2006,1172,9180
A114090,GKL,2007,13711,22891
A114090,GKL,2008,20069,32960
A114090,GKL,2009,1676,3088
A114090,GKL,2010,1194,3098
A114090,GKL,2011,1023,3578
A114090,GKL,2012,2329,5358
A114090,GKL,2013,2224,6395
A114090,GKL,2014,1884,6974
A114090,GKL,2015,1483,7376
A114090,GKL,2016,1849,8386
A114090,GKL,2017,,
A120110,코오롱인더,2001,,
A120110,코오롱인더,2002,,
A120110,코오롱인더,2003,,
A120110,코오롱인더,2004,,
A120110,코오롱인더,2005,,
A120110,코오롱인더,2006,,
A120110,코오롱인더,2007,,
A120110,코오롱인더,2008,,
A120110,코오롱인더,2009,,
A120110,코오롱인더,2010,8482,48811
A120110,코오롱인더,2011,11968,66952
A120110,코오롱인더,2012,6010,67989
A120110,코오롱인더,2013,4008,70208
A120110,코오롱인더,2014,1517,67609
A120110,코오롱인더,2015,-5177,65694
A120110,코오롱인더,2016,6102,70954
A120110,코오롱인더,2017,,
A034020,두산중공업,2001,241,16005
A034020,두산중공업,2002,742,17386
A034020,두산중공업,2003,261,16636
A034020,두산중공업,2004,1598,19724
A034020,두산중공업,2005,1545,20499
A034020,두산중공업,2006,710,20706
A034020,두산중공업,2007,2856,23450
A034020,두산중공업,2008,-628,33996
A034020,두산중공업,2009,-3125,32883
A034020,두산중공업,2010,1724,35276
A034020,두산중공업,2011,2596,47033
A034020,두산중공업,2012,402,38035
A034020,두산중공업,2013,653,45375
A034020,두산중공업,2014,-884,40510
A034020,두산중공업,2015,-8701,31472
A034020,두산중공업,2016,-1431,29836
A034020,두산중공업,2017,,
A010120,LS산전,2001,-126,3377
A010120,LS산전,2002,32,2636
A010120,LS산전,2003,-1760,4454
A010120,LS산전,2004,2814,7234
A010120,LS산전,2005,2743,9445
A010120,LS산전,2006,3318,12249
A010120,LS산전,2007,3691,15142
A010120,LS산전,2008,3159,17806
A010120,LS산전,2009,5657,22442
A010120,LS산전,2010,3868,24974
A010120,LS산전,2011,2346,26570
A010120,LS산전,2012,3344,28662
A010120,LS산전,2013,3884,31725
A010120,LS산전,2014,3561,33949
A010120,LS산전,2015,2343,34627
A010120,LS산전,2016,2690,36337
A010120,LS산전,2017,,
A000240,한국타이어월드와이드,2001,204,6511
A000240,한국타이어월드와이드,2002,463,6734
A000240,한국타이어월드와이드,2003,676,7297
A000240,한국타이어월드와이드,2004,1105,8009
A000240,한국타이어월드와이드,2005,1423,9248
A000240,한국타이어월드와이드,2006,1122,10074
A000240,한국타이어월드와이드,2007,1066,11112
A000240,한국타이어월드와이드,2008,167,11789
A000240,한국타이어월드와이드,2009,2306,13664
A000240,한국타이어월드와이드,2010,2358,17323
A000240,한국타이어월드와이드,2011,2337,21442
A000240,한국타이어월드와이드,2012,29372,29537
A000240,한국타이어월드와이드,2013,2667,24537
A000240,한국타이어월드와이드,2014,1976,26083
A000240,한국타이어월드와이드,2015,1857,27712
A000240,한국타이어월드와이드,2016,2812,30257
A000240,한국타이어월드와이드,2017,,
A161890,한국콜마,2001,,
A161890,한국콜마,2002,,
A161890,한국콜마,2003,,
A161890,한국콜마,2004,,
A161890,한국콜마,2005,,
A161890,한국콜마,2006,,
A161890,한국콜마,2007,,
A161890,한국콜마,2008,,
A161890,한국콜마,2009,,
A161890,한국콜마,2010,,
A161890,한국콜마,2011,,
A161890,한국콜마,2012,614,5020
A161890,한국콜마,2013,722,5846
A161890,한국콜마,2014,1641,8521
A161890,한국콜마,2015,2155,10459
A161890,한국콜마,2016,2516,12790
A161890,한국콜마,2017,,
A000080,하이트진로,2001,-8285,-2800
A000080,하이트진로,2002,-10880,-14015
A000080,하이트진로,2003,-65358,-79610
A000080,하이트진로,2004,-603722,-3657724
A000080,하이트진로,2005,4084,1955
A000080,하이트진로,2006,2458,3231
A000080,하이트진로,2007,3505,6850
A000080,하이트진로,2008,3600,11042
A000080,하이트진로,2009,2822,18419
A000080,하이트진로,2010,544,15661
A000080,하이트진로,2011,1396,21888
A000080,하이트진로,2012,1465,21685
A000080,하이트진로,2013,1117,21121
A000080,하이트진로,2014,297,19705
A000080,하이트진로,2015,748,19657
A000080,하이트진로,2016,539,19195
A000080,하이트진로,2017,,
A005250,녹십자홀딩스,2001,1232,50421
A005250,녹십자홀딩스,2002,1904,41658
A005250,녹십자홀딩스,2003,1063,43826
A005250,녹십자홀딩스,2004,1094,41097
A005250,녹십자홀딩스,2005,440,43693
A005250,녹십자홀딩스,2006,1039,40201
A005250,녹십자홀딩스,2007,5169,53997
A005250,녹십자홀딩스,2008,4689,54038
A005250,녹십자홀딩스,2009,8255,74425
A005250,녹십자홀딩스,2010,3277,116159
A005250,녹십자홀딩스,2011,559,11670
A005250,녹십자홀딩스,2012,1242,12976
A005250,녹십자홀딩스,2013,879,13883
A005250,녹십자홀딩스,2014,1146,14525
A005250,녹십자홀딩스,2015,1320,15148
A005250,녹십자홀딩스,2016,952,15944
A005250,녹십자홀딩스,2017,,
A051600,한전KPS,2001,64883,351040
A051600,한전KPS,2002,1573,13275
A051600,한전KPS,2003,2085,14860
A051600,한전KPS,2004,1625,15441
A051600,한전KPS,2005,1707,16331
A051600,한전KPS,2006,3439,18914
A051600,한전KPS,2007,1417,8292
A051600,한전KPS,2008,1526,9118
A051600,한전KPS,2009,2141,10459
A051600,한전KPS,2010,1425,9579
A051600,한전KPS,2011,2326,10981
A051600,한전KPS,2012,2620,11812
A051600,한전KPS,2013,3379,13824
A051600,한전KPS,2014,3740,15512
A051600,한전KPS,2015,3776,17473
A051600,한전KPS,2016,1962,17550
A051600,한전KPS,2017,,
A011210,현대위아,2001,7978,9529
A011210,현대위아,2002,8879,18408
A011210,현대위아,2003,6703,25082
A011210,현대위아,2004,8364,34219
A011210,현대위아,2005,2966,18056
A011210,현대위아,2006,2828,20363
A011210,현대위아,2007,1992,22338
A011210,현대위아,2008,2135,34802
A011210,현대위아,2009,3554,37876
A011210,현대위아,2010,4236,41779
A011210,현대위아,2011,9421,56421
A011210,현대위아,2012,16262,71238
A011210,현대위아,2013,16224,87626
A011210,현대위아,2014,16733,109053
A011210,현대위아,2015,12020,120611
A011210,현대위아,2016,4807,123986
A011210,현대위아,2017,,
A020150,일진머티리얼즈,2001,379,2731
A020150,일진머티리얼즈,2002,-610,1533
A020150,일진머티리얼즈,2003,-388,1150
A020150,일진머티리얼즈,2004,218,1261
A020150,일진머티리얼즈,2005,10,1219
A020150,일진머티리얼즈,2006,266,1470
A020150,일진머티리얼즈,2007,602,2282
A020150,일진머티리얼즈,2008,1030,3148
A020150,일진머티리얼즈,2009,413,3680
A020150,일진머티리얼즈,2010,1202,5126
A020150,일진머티리얼즈,2011,363,8342
A020150,일진머티리얼즈,2012,-1459,6916
A020150,일진머티리얼즈,2013,-187,6861
A020150,일진머티리얼즈,2014,86,6921
A020150,일진머티리얼즈,2015,-978,5945
A020150,일진머티리얼즈,2016,1003,7305
A020150,일진머티리얼즈,2017,,
A006120,SK케미칼,2001,525,18666
A006120,SK케미칼,2002,-2725,16704
A006120,SK케미칼,2003,310,20276
A006120,SK케미칼,2004,468,24098
A006120,SK케미칼,2005,2763,21977
A006120,SK케미칼,2006,1386,21505
A006120,SK케미칼,2007,1310,23219
A006120,SK케미칼,2008,277,39228
A006120,SK케미칼,2009,5260,41448
A006120,SK케미칼,2010,1687,42526
A006120,SK케미칼,2011,6497,56124
A006120,SK케미칼,2012,3372,58680
A006120,SK케미칼,2013,-1306,57864
A006120,SK케미칼,2014,-1060,56037
A006120,SK케미칼,2015,2289,58834
A006120,SK케미칼,2016,3046,62216
A006120,SK케미칼,2017,,
A003520,영진약품,2001,114,841
A003520,영진약품,2002,52,946
A003520,영진약품,2003,-171,935
A003520,영진약품,2004,-28,460
A003520,영진약품,2005,-72,406
A003520,영진약품,2006,-127,279
A003520,영진약품,2007,-143,399
A003520,영진약품,2008,-49,541
A003520,영진약품,2009,-37,515
A003520,영진약품,2010,-15,505
A003520,영진약품,2011,15,506
A003520,영진약품,2012,10,513
A003520,영진약품,2013,66,577
A003520,영진약품,2014,5,567
A003520,영진약품,2015,19,565
A003520,영진약품,2016,24,598
A003520,영진약품,2017,,
A064350,현대로템,2001,65,3846
A064350,현대로템,2002,1329,5187
A064350,현대로템,2003,1197,6386
A064350,현대로템,2004,-1031,5354
A064350,현대로템,2005,521,5921
A064350,현대로템,2006,1253,7355
A064350,현대로템,2007,555,7880
A064350,현대로템,2008,767,13593
A064350,현대로템,2009,952,15284
A064350,현대로템,2010,984,15533
A064350,현대로템,2011,1070,16457
A064350,현대로템,2012,1371,17419
A064350,현대로템,2013,1756,20159
A064350,현대로템,2014,-197,19541
A064350,현대로템,2015,-3602,15985
A064350,현대로템,2016,257,16376
A064350,현대로템,2017,,
A006650,대한유화,2001,-2239,38483
A006650,대한유화,2002,1063,39061
A006650,대한유화,2003,1249,40293
A006650,대한유화,2004,9437,50374
A006650,대한유화,2005,4603,54673
A006650,대한유화,2006,6530,59755
A006650,대한유화,2007,7468,66531
A006650,대한유화,2008,-11492,52820
A006650,대한유화,2009,14736,67597
A006650,대한유화,2010,10647,116069
A006650,대한유화,2011,4622,117855
A006650,대한유화,2012,-1902,114306
A006650,대한유화,2013,7071,121076
A006650,대한유화,2014,9864,129197
A006650,대한유화,2015,30846,158921
A006650,대한유화,2016,41867,198414
A006650,대한유화,2017,,
A001740,SK네트웍스,2001,-5400,6725
A001740,SK네트웍스,2002,-44916,-43563
A001740,SK네트웍스,2003,25801,643
A001740,SK네트웍스,2004,1818,2639
A001740,SK네트웍스,2005,1840,3998
A001740,SK네트웍스,2006,1918,5125
A001740,SK네트웍스,2007,2422,6720
A001740,SK네트웍스,2008,381,9935
A001740,SK네트웍스,2009,208,12369
A001740,SK네트웍스,2010,616,12440
A001740,SK네트웍스,2011,587,13013
A001740,SK네트웍스,2012,194,12339
A001740,SK네트웍스,2013,-2287,10347
A001740,SK네트웍스,2014,129,10172
A001740,SK네트웍스,2015,296,10180
A001740,SK네트웍스,2016,-329,9778
A001740,SK네트웍스,2017,,
A011790,SKC,2001,-6535,13184
A011790,SKC,2002,-2471,10491
A011790,SKC,2003,848,11069
A011790,SKC,2004,1632,12653
A011790,SKC,2005,745,13462
A011790,SKC,2006,2946,16349
A011790,SKC,2007,2204,18121
A011790,SKC,2008,281,24335
A011790,SKC,2009,285,24119
A011790,SKC,2010,2603,28209
A011790,SKC,2011,3480,31169
A011790,SKC,2012,1823,31847
A011790,SKC,2013,1568,32714
A011790,SKC,2014,1916,33540
A011790,SKC,2015,7426,39288
A011790,SKC,2016,1150,38610
A011790,SKC,2017,,
A079160,CJ CGV,2001,5356,17852
A079160,CJ CGV,2002,10369,29498
A079160,CJ CGV,2003,28316,77301
A079160,CJ CGV,2004,1962,7831
A079160,CJ CGV,2005,1152,7832
A079160,CJ CGV,2006,1109,8549
A079160,CJ CGV,2007,589,8708
A079160,CJ CGV,2008,972,9469
A079160,CJ CGV,2009,1972,11178
A079160,CJ CGV,2010,1965,14398
A079160,CJ CGV,2011,896,14832
A079160,CJ CGV,2012,2627,16762
A079160,CJ CGV,2013,607,17591
A079160,CJ CGV,2014,787,18048
A079160,CJ CGV,2015,2455,19899
A079160,CJ CGV,2016,583,17654
A079160,CJ CGV,2017,,
A069620,대웅제약,2001,,
A069620,대웅제약,2002,1285,14795
A069620,대웅제약,2003,1501,14727
A069620,대웅제약,2004,2620,16252
A069620,대웅제약,2005,3567,19272
A069620,대웅제약,2006,4912,23473
A069620,대웅제약,2007,5971,28659
A069620,대웅제약,2008,3238,30102
A069620,대웅제약,2009,4744,33536
A069620,대웅제약,2010,1744,33552
A069620,대웅제약,2011,4663,36689
A069620,대웅제약,2012,3020,37937
A069620,대웅제약,2013,5040,41305
A069620,대웅제약,2014,2723,42117
A069620,대웅제약,2015,3705,45310
A069620,대웅제약,2016,2328,46986
A069620,대웅제약,2017,,
A192400,쿠쿠전자,2001,94507,377861
A192400,쿠쿠전자,2002,149841,528698
A192400,쿠쿠전자,2003,135880,664510
A192400,쿠쿠전자,2004,27056,144707
A192400,쿠쿠전자,2005,28325,165681
A192400,쿠쿠전자,2006,30471,183703
A192400,쿠쿠전자,2007,18216,189467
A192400,쿠쿠전자,2008,27845,209837
A192400,쿠쿠전자,2009,29811,222267
A192400,쿠쿠전자,2010,59404,268796
A192400,쿠쿠전자,2011,62794,315871
A192400,쿠쿠전자,2012,65168,387760
A192400,쿠쿠전자,2013,58592,443612
A192400,쿠쿠전자,2014,9255,52489
A192400,쿠쿠전자,2015,7611,59047
A192400,쿠쿠전자,2016,8272,65635
A192400,쿠쿠전자,2017,,
A214320,이노션,2001,,
A214320,이노션,2002,,
A214320,이노션,2003,,
A214320,이노션,2004,,
A214320,이노션,2005,9808,14805
A214320,이노션,2006,37457,52261
A214320,이노션,2007,19374,71936
A214320,이노션,2008,48449,120894
A214320,이노션,2009,20132,76635
A214320,이노션,2010,31466,78937
A214320,이노션,2011,44620,118502
A214320,이노션,2012,44303,155275
A214320,이노션,2013,32281,189855
A214320,이노션,2014,45515,230720
A214320,이노션,2015,3697,30246
A214320,이노션,2016,3267,32728
A214320,이노션,2017,,
A057050,현대홈쇼핑,2001,-1007,3961
A057050,현대홈쇼핑,2002,-2340,1675
A057050,현대홈쇼핑,2003,58,1820
A057050,현대홈쇼핑,2004,1029,2843
A057050,현대홈쇼핑,2005,4866,9800
A057050,현대홈쇼핑,2006,5527,14524
A057050,현대홈쇼핑,2007,5622,19586
A057050,현대홈쇼핑,2008,6564,26230
A057050,현대홈쇼핑,2009,10607,35766
A057050,현대홈쇼핑,2010,11403,58756
A057050,현대홈쇼핑,2011,12659,72438
A057050,현대홈쇼핑,2012,8664,81224
A057050,현대홈쇼핑,2013,16290,96266
A057050,현대홈쇼핑,2014,12321,107224
A057050,현대홈쇼핑,2015,9259,114833
A057050,현대홈쇼핑,2016,10788,123500
A057050,현대홈쇼핑,2017,,
A005440,현대그린푸드,2001,3428,27771
A005440,현대그린푸드,2002,3520,35576
A005440,현대그린푸드,2003,4358,41498
A005440,현대그린푸드,2004,4313,45398
A005440,현대그린푸드,2005,6648,53730
A005440,현대그린푸드,2006,4481,76204
A005440,현대그린푸드,2007,5816,94789
A005440,현대그린푸드,2008,9564,83483
A005440,현대그린푸드,2009,8028,111825
A005440,현대그린푸드,2010,553,11592
A005440,현대그린푸드,2011,901,13567
A005440,현대그린푸드,2012,818,14272
A005440,현대그린푸드,2013,930,15275
A005440,현대그린푸드,2014,999,14851
A005440,현대그린푸드,2015,929,15725
A005440,현대그린푸드,2016,971,16211
A005440,현대그린푸드,2017,,
A111770,영원무역,2001,,
A111770,영원무역,2002,,
A111770,영원무역,2003,,
A111770,영원무역,2004,,
A111770,영원무역,2005,,
A111770,영원무역,2006,,
A111770,영원무역,2007,,
A111770,영원무역,2008,,
A111770,영원무역,2009,1228,9817
A111770,영원무역,2010,1043,10631
A111770,영원무역,2011,2869,13454
A111770,영원무역,2012,2919,15724
A111770,영원무역,2013,2514,19215
A111770,영원무역,2014,2891,21940
A111770,영원무역,2015,2931,26554
A111770,영원무역,2016,2482,28390
A111770,영원무역,2017,,
A003240,태광산업,2001,-148298,1260132
A003240,태광산업,2002,38214,1260816
A003240,태광산업,2003,29856,1278397
A003240,태광산업,2004,63003,1340553
A003240,태광산업,2005,20125,1364829
A003240,태광산업,2006,-56641,1349595
A003240,태광산업,2007,36724,1377565
A003240,태광산업,2008,-48026,1336969
A003240,태광산업,2009,307667,1612693
A003240,태광산업,2010,253723,1820967
A003240,태광산업,2011,265256,2207484
A003240,태광산업,2012,29789,2241506
A003240,태광산업,2013,68616,2366388
A003240,태광산업,2014,66136,2472019
A003240,태광산업,2015,67395,2523468
A003240,태광산업,2016,12841,2526210
A003240,태광산업,2017,,
A017800,현대엘리베이,2001,1437,18959
A017800,현대엘리베이,2002,-6395,22561
A017800,현대엘리베이,2003,3974,39767
A017800,현대엘리베이,2004,11769,35632
A017800,현대엘리베이,2005,11770,50366
A017800,현대엘리베이,2006,6238,57953
A017800,현대엘리베이,2007,20999,76888
A017800,현대엘리베이,2008,4175,87159
A017800,현대엘리베이,2009,-29318,63005
A017800,현대엘리베이,2010,11191,72438
A017800,현대엘리베이,2011,-24893,53629
A017800,현대엘리베이,2012,-23997,32956
A017800,현대엘리베이,2013,-26482,11680
A017800,현대엘리베이,2014,2690,18878
A017800,현대엘리베이,2015,-178,26044
A017800,현대엘리베이,2016,5225,31605
A017800,현대엘리베이,2017,,
A192820,코스맥스,2001,,
A192820,코스맥스,2002,,
A192820,코스맥스,2003,,
A192820,코스맥스,2004,,
A192820,코스맥스,2005,,
A192820,코스맥스,2006,,
A192820,코스맥스,2007,,
A192820,코스맥스,2008,,
A192820,코스맥스,2009,,
A192820,코스맥스,2010,,
A192820,코스맥스,2011,,
A192820,코스맥스,2012,,
A192820,코스맥스,2013,,
A192820,코스맥스,2014,1845,9003
A192820,코스맥스,2015,2361,10900
A192820,코스맥스,2016,3759,21013
A192820,코스맥스,2017,,
A103140,풍산,2001,,
A103140,풍산,2002,,
A103140,풍산,2003,,
A103140,풍산,2004,,
A103140,풍산,2005,,
A103140,풍산,2006,,
A103140,풍산,2007,,
A103140,풍산,2008,-6560,25545
A103140,풍산,2009,5263,30098
A103140,풍산,2010,4590,32399
A103140,풍산,2011,1452,33579
A103140,풍산,2012,2199,34441
A103140,풍산,2013,2155,35340
A103140,풍산,2014,2626,37344
A103140,풍산,2015,1841,38936
A103140,풍산,2016,4910,43995
A103140,풍산,2017,,
A079550,LIG넥스원,2001,,
A079550,LIG넥스원,2002,,
A079550,LIG넥스원,2003,,
A079550,LIG넥스원,2004,556,5259
A079550,LIG넥스원,2005,1121,6408
A079550,LIG넥스원,2006,980,7323
A079550,LIG넥스원,2007,1071,7663
A079550,LIG넥스원,2008,2513,9876
A079550,LIG넥스원,2009,2234,11785
A079550,LIG넥스원,2010,2011,14200
A079550,LIG넥스원,2011,1189,14004
A079550,LIG넥스원,2012,1160,13970
A079550,LIG넥스원,2013,2689,16767
A079550,LIG넥스원,2014,2528,17906
A079550,LIG넥스원,2015,4044,26231
A079550,LIG넥스원,2016,3502,28711
A079550,LIG넥스원,2017,,
A005610,SPC삼립,2001,767,47408
A005610,SPC삼립,2002,26807,13594
A005610,SPC삼립,2003,1045,14640
A005610,SPC삼립,2004,750,15285
A005610,SPC삼립,2005,1032,16078
A005610,SPC삼립,2006,1067,16851
A005610,SPC삼립,2007,932,17457
A005610,SPC삼립,2008,845,18032
A005610,SPC삼립,2009,763,18346
A005610,SPC삼립,2010,550,18531
A005610,SPC삼립,2011,718,18444
A005610,SPC삼립,2012,1226,20762
A005610,SPC삼립,2013,2555,22911
A005610,SPC삼립,2014,3861,26089
A005610,SPC삼립,2015,4354,29583
A005610,SPC삼립,2016,5737,34561
A005610,SPC삼립,2017,,
A002350,넥센타이어,2001,2204,16149
A002350,넥센타이어,2002,2600,18752
A002350,넥센타이어,2003,2083,20372
A002350,넥센타이어,2004,3125,23041
A002350,넥센타이어,2005,2155,24748
A002350,넥센타이어,2006,1419,25724
A002350,넥센타이어,2007,3568,29022
A002350,넥센타이어,2008,-167,2868
A002350,넥센타이어,2009,1127,3954
A002350,넥센타이어,2010,1033,4814
A002350,넥센타이어,2011,865,5601
A002350,넥센타이어,2012,1314,6713
A002350,넥센타이어,2013,1209,7848
A002350,넥센타이어,2014,1255,9046
A002350,넥센타이어,2015,1217,10004
A002350,넥센타이어,2016,1689,11622
A002350,넥센타이어,2017,,
A185750,종근당,2001,,
A185750,종근당,2002,,
A185750,종근당,2003,,
A185750,종근당,2004,,
A185750,종근당,2005,,
A185750,종근당,2006,,
A185750,종근당,2007,,
A185750,종근당,2008,,
A185750,종근당,2009,,
A185750,종근당,2010,,
A185750,종근당,2011,,
A185750,종근당,2012,,
A185750,종근당,2013,469,31726
A185750,종근당,2014,3736,35267
A185750,종근당,2015,-720,33473
A185750,종근당,2016,4352,37691
A185750,종근당,2017,,
A014820,동원시스템즈,2001,-2564,2039
A014820,동원시스템즈,2002,-1090,967
A014820,동원시스템즈,2003,33,851
A014820,동원시스템즈,2004,-86,744
A014820,동원시스템즈,2005,130,783
A014820,동원시스템즈,2006,176,859
A014820,동원시스템즈,2007,263,1022
A014820,동원시스템즈,2008,60,1134
A014820,동원시스템즈,2009,-89,990
A014820,동원시스템즈,2010,-54,956
A014820,동원시스템즈,2011,-216,698
A014820,동원시스템즈,2012,-3,695
A014820,동원시스템즈,2013,429,8868
A014820,동원시스템즈,2014,91,7210
A014820,동원시스템즈,2015,1274,8989
A014820,동원시스템즈,2016,2376,11127
A014820,동원시스템즈,2017,,
A004000,롯데정밀화학,2001,1573,21313
A004000,롯데정밀화학,2002,1720,23084
A004000,롯데정밀화학,2003,1655,24176
A004000,롯데정밀화학,2004,1821,25402
A004000,롯데정밀화학,2005,1949,26749
A004000,롯데정밀화학,2006,1246,27333
A004000,롯데정밀화학,2007,1554,28254
A004000,롯데정밀화학,2008,3306,30970
A004000,롯데정밀화학,2009,3359,33688
A004000,롯데정밀화학,2010,3164,40744
A004000,롯데정밀화학,2011,2846,42605
A004000,롯데정밀화학,2012,2840,45068
A004000,롯데정밀화학,2013,129,44027
A004000,롯데정밀화학,2014,2371,46358
A004000,롯데정밀화학,2015,3638,45463
A004000,롯데정밀화학,2016,-1688,43451
A004000,롯데정밀화학,2017,,
A010780,아이에스동서,2001,-390,9840
A010780,아이에스동서,2002,10711,28095
A010780,아이에스동서,2003,6532,34583
A010780,아이에스동서,2004,227,23337
A010780,아이에스동서,2005,742,23159
A010780,아이에스동서,2006,829,22515
A010780,아이에스동서,2007,938,22718
A010780,아이에스동서,2008,-747,19858
A010780,아이에스동서,2009,1329,21192
A010780,아이에스동서,2010,1284,21801
A010780,아이에스동서,2011,604,14197
A010780,아이에스동서,2012,175,14110
A010780,아이에스동서,2013,835,14876
A010780,아이에스동서,2014,1914,16721
A010780,아이에스동서,2015,3733,20488
A010780,아이에스동서,2016,6912,29294
A010780,아이에스동서,2017,,
A115390,락앤락,2001,,
A115390,락앤락,2002,,
A115390,락앤락,2003,,
A115390,락앤락,2004,,
A115390,락앤락,2005,,
A115390,락앤락,2006,6889,11309
A115390,락앤락,2007,5296,24883
A115390,락앤락,2008,8220,43481
A115390,락앤락,2009,1192,4302
A115390,락앤락,2010,1407,7977
A115390,락앤락,2011,975,10484
A115390,락앤락,2012,1089,10979
A115390,락앤락,2013,820,11604
A115390,락앤락,2014,273,11880
A115390,락앤락,2015,228,12053
A115390,락앤락,2016,854,12630
A115390,락앤락,2017,,
A001430,세아베스틸,2001,-2583,9445
A001430,세아베스틸,2002,-1803,6980
A001430,세아베스틸,2003,48479,16227
A001430,세아베스틸,2004,1309,19705
A001430,세아베스틸,2005,1890,21317
A001430,세아베스틸,2006,1679,22250
A001430,세아베스틸,2007,1147,22773
A001430,세아베스틸,2008,2836,24684
A001430,세아베스틸,2009,-1079,23055
A001430,세아베스틸,2010,4156,30783
A001430,세아베스틸,2011,6317,35916
A001430,세아베스틸,2012,3323,37913
A001430,세아베스틸,2013,2900,39959
A001430,세아베스틸,2014,3449,42212
A001430,세아베스틸,2015,4208,41355
A001430,세아베스틸,2016,2473,48733
A001430,세아베스틸,2017,,
A001120,LG상사,2001,515,7736
A001120,LG상사,2002,1373,8187
A001120,LG상사,2003,1605,9331
A001120,LG상사,2004,1187,9930
A001120,LG상사,2005,1789,11395
A001120,LG상사,2006,1530,12262
A001120,LG상사,2007,1232,13070
A001120,LG상사,2008,1318,15810
A001120,LG상사,2009,2691,17866
A001120,LG상사,2010,3429,22847
A001120,LG상사,2011,6393,34580
A001120,LG상사,2012,5720,37919
A001120,LG상사,2013,1242,38101
A001120,LG상사,2014,-340,36834
A001120,LG상사,2015,-6074,30967
A001120,LG상사,2016,1500,32246
A001120,LG상사,2017,,
A003300,한일시멘트,2001,4703,91282
A003300,한일시멘트,2002,7537,92025
A003300,한일시멘트,2003,14061,105810
A003300,한일시멘트,2004,14328,109418
A003300,한일시멘트,2005,7786,118884
A003300,한일시멘트,2006,6190,122429
A003300,한일시멘트,2007,7726,136792
A003300,한일시멘트,2008,1921,129812
A003300,한일시멘트,2009,5353,138580
A003300,한일시멘트,2010,2163,173437
A003300,한일시멘트,2011,2294,170759
A003300,한일시멘트,2012,-9384,165311
A003300,한일시멘트,2013,10600,174628
A003300,한일시멘트,2014,12124,188850
A003300,한일시멘트,2015,7633,195021
A003300,한일시멘트,2016,10713,201876
A003300,한일시멘트,2017,,
A003000,부광약품,2001,294,3478
A003000,부광약품,2002,387,3768
A003000,부광약품,2003,418,4090
A003000,부광약품,2004,568,4251
A003000,부광약품,2005,663,4705
A003000,부광약품,2006,795,5307
A003000,부광약품,2007,1276,6542
A003000,부광약품,2008,1146,7042
A003000,부광약품,2009,1031,7803
A003000,부광약품,2010,1023,8247
A003000,부광약품,2011,237,7961
A003000,부광약품,2012,583,7957
A003000,부광약품,2013,658,7762
A003000,부광약품,2014,759,7699
A003000,부광약품,2015,738,7470
A003000,부광약품,2016,423,6532
A003000,부광약품,2017,,
A073240,금호타이어,2001,,
A073240,금호타이어,2002,,
A073240,금호타이어,2003,1714,11009
A073240,금호타이어,2004,2008,12352
A073240,금호타이어,2005,1458,13813
A073240,금호타이어,2006,14,12999
A073240,금호타이어,2007,-337,12447
A073240,금호타이어,2008,-2862,12970
A073240,금호타이어,2009,-11088,921
A073240,금호타이어,2010,8,5559
A073240,금호타이어,2011,-343,4219
A073240,금호타이어,2012,1032,6418
A073240,금호타이어,2013,646,6882
A073240,금호타이어,2014,820,7652
A073240,금호타이어,2015,-439,7234
A073240,금호타이어,2016,-228,6976
A073240,금호타이어,2017,,
A105630,한세실업,2001,,
A105630,한세실업,2002,,
A105630,한세실업,2003,,
A105630,한세실업,2004,,
A105630,한세실업,2005,,
A105630,한세실업,2006,,
A105630,한세실업,2007,,
A105630,한세실업,2008,,
A105630,한세실업,2009,1893,4031
A105630,한세실업,2010,891,4830
A105630,한세실업,2011,1241,4715
A105630,한세실업,2012,1316,5856
A105630,한세실업,2013,1065,6802
A105630,한세실업,2014,1544,8273
A105630,한세실업,2015,2586,10640
A105630,한세실업,2016,1174,11499
A105630,한세실업,2017,,
A005300,롯데칠성,2001,71666,357860
A005300,롯데칠성,2002,89286,447059
A005300,롯데칠성,2003,88603,535872
A005300,롯데칠성,2004,89432,632408
A005300,롯데칠성,2005,60103,700939
A005300,롯데칠성,2006,53033,1097377
A005300,롯데칠성,2007,47708,1082954
A005300,롯데칠성,2008,43502,1006010
A005300,롯데칠성,2009,6470,1466124
A005300,롯데칠성,2010,47393,1607460
A005300,롯데칠성,2011,56670,1576619
A005300,롯데칠성,2012,61201,1668321
A005300,롯데칠성,2013,74438,1779294
A005300,롯데칠성,2014,13763,1675276
A005300,롯데칠성,2015,73398,1721282
A005300,롯데칠성,2016,51074,1729103
A005300,롯데칠성,2017,,
A001230,동국제강,2001,177,13929
A001230,동국제강,2002,1027,14533
A001230,동국제강,2003,1702,17410
A001230,동국제강,2004,6231,23321
A001230,동국제강,2005,4456,26708
A001230,동국제강,2006,2667,34205
A001230,동국제강,2007,3469,37598
A001230,동국제강,2008,2780,39266
A001230,동국제강,2009,813,45583
A001230,동국제강,2010,2244,47424
A001230,동국제강,2011,121,45606
A001230,동국제강,2012,-3612,40762
A001230,동국제강,2013,-1885,37267
A001230,동국제강,2014,-3533,24970
A001230,동국제강,2015,-2503,21821
A001230,동국제강,2016,642,23123
A001230,동국제강,2017,,
A145990,삼양사,2001,,
A145990,삼양사,2002,,
A145990,삼양사,2003,,
A145990,삼양사,2004,,
A145990,삼양사,2005,,
A145990,삼양사,2006,,
A145990,삼양사,2007,,
A145990,삼양사,2008,,
A145990,삼양사,2009,,
A145990,삼양사,2010,,
A145990,삼양사,2011,-315,90423
A145990,삼양사,2012,5903,95140
A145990,삼양사,2013,4152,93455
A145990,삼양사,2014,5727,91553
A145990,삼양사,2015,7544,96693
A145990,삼양사,2016,8456,99371
A145990,삼양사,2017,,
A069260,휴켐스,2001,,
A069260,휴켐스,2002,207,6295
A069260,휴켐스,2003,624,6797
A069260,휴켐스,2004,716,7319
A069260,휴켐스,2005,389,7484
A069260,휴켐스,2006,711,8015
A069260,휴켐스,2007,1328,9084
A069260,휴켐스,2008,1889,10478
A069260,휴켐스,2009,3122,12906
A069260,휴켐스,2010,1822,10365
A069260,휴켐스,2011,1250,10738
A069260,휴켐스,2012,1308,11299
A069260,휴켐스,2013,1320,11967
A069260,휴켐스,2014,993,12261
A069260,휴켐스,2015,896,12623
A069260,휴켐스,2016,1055,13143
A069260,휴켐스,2017,,
A001060,JW중외제약,2001,1789,22253
A001060,JW중외제약,2002,1854,23358
A001060,JW중외제약,2003,1944,23987
A001060,JW중외제약,2004,2079,25122
A001060,JW중외제약,2005,2267,25406
A001060,JW중외제약,2006,1573,27850
A001060,JW중외제약,2007,1528,28349
A001060,JW중외제약,2008,705,19129
A001060,JW중외제약,2009,1151,19765
A001060,JW중외제약,2010,254,18538
A001060,JW중외제약,2011,-968,16689
A001060,JW중외제약,2012,-1844,14144
A001060,JW중외제약,2013,170,14347
A001060,JW중외제약,2014,-147,13258
A001060,JW중외제약,2015,109,12482
A001060,JW중외제약,2016,-560,13318
A001060,JW중외제약,2017,,
A006840,AK홀딩스,2001,1226,35703
A006840,AK홀딩스,2002,3604,38501
A006840,AK홀딩스,2003,2157,40186
A006840,AK홀딩스,2004,2191,41105
A006840,AK홀딩스,2005,858,40689
A006840,AK홀딩스,2006,551,40051
A006840,AK홀딩스,2007,4612,43817
A006840,AK홀딩스,2008,-3026,40777
A006840,AK홀딩스,2009,-2047,36891
A006840,AK홀딩스,2010,5680,41938
A006840,AK홀딩스,2011,6004,35428
A006840,AK홀딩스,2012,22461,33863
A006840,AK홀딩스,2013,7117,37479
A006840,AK홀딩스,2014,5309,42984
A006840,AK홀딩스,2015,-3246,43105
A006840,AK홀딩스,2016,5436,47597
A006840,AK홀딩스,2017,,
A093370,후성,2001,,
A093370,후성,2002,,
A093370,후성,2003,,
A093370,후성,2004,,
A093370,후성,2005,,
A093370,후성,2006,10,509
A093370,후성,2007,118,635
A093370,후성,2008,190,1005
A093370,후성,2009,86,1250
A093370,후성,2010,70,1327
A093370,후성,2011,173,1521
A093370,후성,2012,203,1759
A093370,후성,2013,-350,1429
A093370,후성,2014,-804,601
A093370,후성,2015,158,948
A093370,후성,2016,704,1644
A093370,후성,2017,,
A170900,동아에스티,2001,,
A170900,동아에스티,2002,,
A170900,동아에스티,2003,,
A170900,동아에스티,2004,,
A170900,동아에스티,2005,,
A170900,동아에스티,2006,,
A170900,동아에스티,2007,,
A170900,동아에스티,2008,,
A170900,동아에스티,2009,,
A170900,동아에스티,2010,,
A170900,동아에스티,2011,,
A170900,동아에스티,2012,,
A170900,동아에스티,2013,-8532,57055
A170900,동아에스티,2014,4858,63449
A170900,동아에스티,2015,6187,68973
A170900,동아에스티,2016,1267,69857
A170900,동아에스티,2017,,
A108670,LG하우시스,2001,,
A108670,LG하우시스,2002,,
A108670,LG하우시스,2003,,
A108670,LG하우시스,2004,,
A108670,LG하우시스,2005,,
A108670,LG하우시스,2006,,
A108670,LG하우시스,2007,,
A108670,LG하우시스,2008,,
A108670,LG하우시스,2009,2327,69272
A108670,LG하우시스,2010,4081,69029
A108670,LG하우시스,2011,4655,72346
A108670,LG하우시스,2012,2898,72300
A108670,LG하우시스,2013,7324,78036
A108670,LG하우시스,2014,6448,82837
A108670,LG하우시스,2015,7178,87652
A108670,LG하우시스,2016,7514,93936
A108670,LG하우시스,2017,,
A001680,대상,2001,-360,14983
A001680,대상,2002,-3568,11619
A001680,대상,2003,475,12046
A001680,대상,2004,301,12053
A001680,대상,2005,-1272,10210
A001680,대상,2006,-547,10182
A001680,대상,2007,291,9643
A001680,대상,2008,42,9566
A001680,대상,2009,-172,12149
A001680,대상,2010,800,12861
A001680,대상,2011,1649,14513
A001680,대상,2012,2657,16613
A001680,대상,2013,3183,18974
A001680,대상,2014,2696,21042
A001680,대상,2015,1694,22027
A001680,대상,2016,1878,23549
A001680,대상,2017,,
A049770,동원F&B,2001,4412,48114
A049770,동원F&B,2002,10065,56102
A049770,동원F&B,2003,9397,63718
A049770,동원F&B,2004,7223,69497
A049770,동원F&B,2005,4044,71966
A049770,동원F&B,2006,3930,73809
A049770,동원F&B,2007,2763,75055
A049770,동원F&B,2008,2021,73692
A049770,동원F&B,2009,7508,98444
A049770,동원F&B,2010,9010,90888
A049770,동원F&B,2011,9793,99907
A049770,동원F&B,2012,5484,102961
A049770,동원F&B,2013,9471,110581
A049770,동원F&B,2014,15350,123964
A049770,동원F&B,2015,14731,135283
A049770,동원F&B,2016,13901,145215
A049770,동원F&B,2017,,
A014680,한솔케미칼,2001,-4493,10109
A014680,한솔케미칼,2002,-1161,8801
A014680,한솔케미칼,2003,-1820,8266
A014680,한솔케미칼,2004,918,9000
A014680,한솔케미칼,2005,1095,10350
A014680,한솔케미칼,2006,1004,10514
A014680,한솔케미칼,2007,468,10476
A014680,한솔케미칼,2008,280,10040
A014680,한솔케미칼,2009,1501,11253
A014680,한솔케미칼,2010,1251,13560
A014680,한솔케미칼,2011,1652,14534
A014680,한솔케미칼,2012,3195,16231
A014680,한솔케미칼,2013,1797,17725
A014680,한솔케미칼,2014,1897,19033
A014680,한솔케미칼,2015,3023,21608
A014680,한솔케미칼,2016,4942,25179
A014680,한솔케미칼,2017,,
A000640,동아쏘시오홀딩스,2001,3624,25508
A000640,동아쏘시오홀딩스,2002,4599,29562
A000640,동아쏘시오홀딩스,2003,2545,27705
A000640,동아쏘시오홀딩스,2004,2793,29013
A000640,동아쏘시오홀딩스,2005,2623,31975
A000640,동아쏘시오홀딩스,2006,2814,34414
A000640,동아쏘시오홀딩스,2007,-306,34002
A000640,동아쏘시오홀딩스,2008,4230,36860
A000640,동아쏘시오홀딩스,2009,6050,57206
A000640,동아쏘시오홀딩스,2010,6031,62101
A000640,동아쏘시오홀딩스,2011,6215,70887
A000640,동아쏘시오홀딩스,2012,7064,72907
A000640,동아쏘시오홀딩스,2013,2678,103808
A000640,동아쏘시오홀딩스,2014,375,104039
A000640,동아쏘시오홀딩스,2015,10011,107667
A000640,동아쏘시오홀딩스,2016,28410,144762
A000640,동아쏘시오홀딩스,2017,,
A020000,한섬,2001,1770,7505
A020000,한섬,2002,1519,8631
A020000,한섬,2003,1752,8943
A020000,한섬,2004,1301,10276
A020000,한섬,2005,1596,11866
A020000,한섬,2006,1586,13365
A020000,한섬,2007,1430,14479
A020000,한섬,2008,2150,18302
A020000,한섬,2009,2089,20215
A020000,한섬,2010,2753,22827
A020000,한섬,2011,3480,26949
A020000,한섬,2012,2576,29165
A020000,한섬,2013,1782,30749
A020000,한섬,2014,1527,31990
A020000,한섬,2015,3020,34656
A020000,한섬,2016,2293,36644
A020000,한섬,2017,,
A000070,삼양홀딩스,2001,5026,48808
A000070,삼양홀딩스,2002,5077,49313
A000070,삼양홀딩스,2003,3727,65094
A000070,삼양홀딩스,2004,4914,69488
A000070,삼양홀딩스,2005,3949,76571
A000070,삼양홀딩스,2006,2274,76002
A000070,삼양홀딩스,2007,607,76903
A000070,삼양홀딩스,2008,-5385,68204
A000070,삼양홀딩스,2009,8016,77611
A000070,삼양홀딩스,2010,4703,99435
A000070,삼양홀딩스,2011,15838,169614
A000070,삼양홀딩스,2012,16766,154663
A000070,삼양홀딩스,2013,-3896,153828
A000070,삼양홀딩스,2014,296,149417
A000070,삼양홀딩스,2015,5242,152461
A000070,삼양홀딩스,2016,2550,153653
A000070,삼양홀딩스,2017,,
A093050,LF,2001,,
A093050,LF,2002,,
A093050,LF,2003,,
A093050,LF,2004,,
A093050,LF,2005,,
A093050,LF,2006,536,12797
A093050,LF,2007,2248,14958
A093050,LF,2008,2486,17087
A093050,LF,2009,2447,19082
A093050,LF,2010,3394,25363
A093050,LF,2011,3293,28101
A093050,LF,2012,2076,29701
A093050,LF,2013,2332,31274
A093050,LF,2014,2782,33599
A093050,LF,2015,1742,34790
A093050,LF,2016,1767,36006
A093050,LF,2017,,
A005850,에스엘,2001,11030,65092
A005850,에스엘,2002,1582,9098
A005850,에스엘,2003,1131,7016
A005850,에스엘,2004,1463,8282
A005850,에스엘,2005,819,8797
A005850,에스엘,2006,1250,9956
A005850,에스엘,2007,855,9911
A005850,에스엘,2008,-1330,8227
A005850,에스엘,2009,2541,10671
A005850,에스엘,2010,1396,12988
A005850,에스엘,2011,1644,16188
A005850,에스엘,2012,1715,17351
A005850,에스엘,2013,2158,19422
A005850,에스엘,2014,2782,21825
A005850,에스엘,2015,1967,23633
A005850,에스엘,2016,3217,26519
A005850,에스엘,2017,,
A025540,한국단자,2001,1829,11651
A025540,한국단자,2002,2052,13685
A025540,한국단자,2003,2070,15671
A025540,한국단자,2004,1620,17513
A025540,한국단자,2005,1818,19153
A025540,한국단자,2006,1497,19928
A025540,한국단자,2007,2671,23506
A025540,한국단자,2008,1552,23896
A025540,한국단자,2009,1265,25847
A025540,한국단자,2010,2756,31100
A025540,한국단자,2011,3520,34568
A025540,한국단자,2012,2872,37995
A025540,한국단자,2013,4130,42081
A025540,한국단자,2014,5525,47909
A025540,한국단자,2015,6614,53734
A025540,한국단자,2016,6452,58993
A025540,한국단자,2017,,
A060980,한라홀딩스,2001,4421,20640
A060980,한라홀딩스,2002,8067,24328
A060980,한라홀딩스,2003,10292,36385
A060980,한라홀딩스,2004,19059,57256
A060980,한라홀딩스,2005,18226,65574
A060980,한라홀딩스,2006,11126,66544
A060980,한라홀딩스,2007,16377,76432
A060980,한라홀딩스,2008,5541,103782
A060980,한라홀딩스,2009,6653,54130
A060980,한라홀딩스,2010,5471,61182
A060980,한라홀딩스,2011,12307,76908
A060980,한라홀딩스,2012,8954,85456
A060980,한라홀딩스,2013,9852,93225
A060980,한라홀딩스,2014,72059,85531
A060980,한라홀딩스,2015,6959,84903
A060980,한라홀딩스,2016,6975,85822
A060980,한라홀딩스,2017,,
A003620,쌍용차,2001,241,6485
A003620,쌍용차,2002,2913,5102
A003620,쌍용차,2003,4881,9983
A003620,쌍용차,2004,94,10102
A003620,쌍용차,2005,-856,9283
A003620,쌍용차,2006,-1622,7660
A003620,쌍용차,2007,96,8000
A003620,쌍용차,2008,-5875,2135
A003620,쌍용차,2009,-10619,2773
A003620,쌍용차,2010,-722,16938
A003620,쌍용차,2011,-1000,7429
A003620,쌍용차,2012,-866,6527
A003620,쌍용차,2013,-18,6444
A003620,쌍용차,2014,-371,5674
A003620,쌍용차,2015,-451,5226
A003620,쌍용차,2016,423,5923
A003620,쌍용차,2017,,
A007570,일양약품,2001,-4675,10965
A007570,일양약품,2002,-601,10186
A007570,일양약품,2003,154,10437
A007570,일양약품,2004,256,10594
A007570,일양약품,2005,478,11202
A007570,일양약품,2006,217,5730
A007570,일양약품,2007,69,5845
A007570,일양약품,2008,-1105,8820
A007570,일양약품,2009,73,8939
A007570,일양약품,2010,145,9100
A007570,일양약품,2011,78,10139
A007570,일양약품,2012,113,10335
A007570,일양약품,2013,216,10430
A007570,일양약품,2014,-598,9879
A007570,일양약품,2015,186,10420
A007570,일양약품,2016,303,10648
A007570,일양약품,2017,,
A052690,한전기술,2001,43653,183116
A052690,한전기술,2002,2349,11502
A052690,한전기술,2003,2348,13065
A052690,한전기술,2004,697,12820
A052690,한전기술,2005,450,13096
A052690,한전기술,2006,724,13685
A052690,한전기술,2007,1154,14592
A052690,한전기술,2008,1796,16042
A052690,한전기술,2009,2162,8364
A052690,한전기술,2010,2516,8893
A052690,한전기술,2011,3038,9933
A052690,한전기술,2012,3514,11145
A052690,한전기술,2013,900,10142
A052690,한전기술,2014,1433,10922
A052690,한전기술,2015,812,11174
A052690,한전기술,2016,466,11309
A052690,한전기술,2017,,
A009420,한올바이오파마,2001,2728,15047
A009420,한올바이오파마,2002,883,15261
A009420,한올바이오파마,2003,672,15706
A009420,한올바이오파마,2004,628,16108
A009420,한올바이오파마,2005,250,16187
A009420,한올바이오파마,2006,11,1480
A009420,한올바이오파마,2007,-28,1477
A009420,한올바이오파마,2008,32,1476
A009420,한올바이오파마,2009,16,1515
A009420,한올바이오파마,2010,22,1568
A009420,한올바이오파마,2011,-391,1388
A009420,한올바이오파마,2012,-77,1936
A009420,한올바이오파마,2013,-516,1519
A009420,한올바이오파마,2014,-303,1216
A009420,한올바이오파마,2015,-154,1941
A009420,한올바이오파마,2016,39,2070
A009420,한올바이오파마,2017,,
A019680,대교,2001,3307,24988
A019680,대교,2002,3026,25361
A019680,대교,2003,6699,34116
A019680,대교,2004,6309,40505
A019680,대교,2005,5824,53321
A019680,대교,2006,4941,58801
A019680,대교,2007,4620,63429
A019680,대교,2008,203,5437
A019680,대교,2009,543,6295
A019680,대교,2010,529,6991
A019680,대교,2011,506,6586
A019680,대교,2012,220,6443
A019680,대교,2013,339,6717
A019680,대교,2014,388,6683
A019680,대교,2015,430,6813
A019680,대교,2016,409,7017
A019680,대교,2017,,
A064960,S&T모티브,2001,,
A064960,S&T모티브,2002,407,5583
A064960,S&T모티브,2003,1104,6654
A064960,S&T모티브,2004,1758,8263
A064960,S&T모티브,2005,604,8717
A064960,S&T모티브,2006,781,9979
A064960,S&T모티브,2007,3179,13017
A064960,S&T모티브,2008,2600,25222
A064960,S&T모티브,2009,603,25891
A064960,S&T모티브,2010,2282,29383
A064960,S&T모티브,2011,2721,30384
A064960,S&T모티브,2012,1479,31420
A064960,S&T모티브,2013,2305,36191
A064960,S&T모티브,2014,4198,39841
A064960,S&T모티브,2015,5853,45194
A064960,S&T모티브,2016,2295,46542
A064960,S&T모티브,2017,,
A002240,고려제강,2001,6251,68540
A002240,고려제강,2002,4184,71687
A002240,고려제강,2003,5039,68485
A002240,고려제강,2004,3782,53216
A002240,고려제강,2005,3503,56163
A002240,고려제강,2006,1538,55623
A002240,고려제강,2007,3276,59854
A002240,고려제강,2008,11054,74106
A002240,고려제강,2009,6539,63981
A002240,고려제강,2010,3089,68403
A002240,고려제강,2011,7240,88632
A002240,고려제강,2012,2831,76205
A002240,고려제강,2013,2015,77071
A002240,고려제강,2014,19904,92279
A002240,고려제강,2015,1024,76106
A002240,고려제강,2016,2279,77770
A002240,고려제강,2017,,
A002270,롯데푸드,2001,19102,101633
A002270,롯데푸드,2002,19618,120992
A002270,롯데푸드,2003,17915,138328
A002270,롯데푸드,2004,17664,157893
A002270,롯데푸드,2005,19787,177185
A002270,롯데푸드,2006,14678,191111
A002270,롯데푸드,2007,17363,225957
A002270,롯데푸드,2008,21273,249244
A002270,롯데푸드,2009,36251,333810
A002270,롯데푸드,2010,37326,372040
A002270,롯데푸드,2011,38210,415498
A002270,롯데푸드,2012,48326,467329
A002270,롯데푸드,2013,83216,564019
A002270,롯데푸드,2014,43721,607536
A002270,롯데푸드,2015,36712,651806
A002270,롯데푸드,2016,42479,688336
A002270,롯데푸드,2017,,
A000990,동부하이텍,2001,564,29840
A000990,동부하이텍,2002,1642,30371
A000990,동부하이텍,2003,1314,32627
A000990,동부하이텍,2004,4126,38221
A000990,동부하이텍,2005,1130,41126
A000990,동부하이텍,2006,4,41155
A000990,동부하이텍,2007,-601,26067
A000990,동부하이텍,2008,-7541,25429
A000990,동부하이텍,2009,-4657,18995
A000990,동부하이텍,2010,-4824,10971
A000990,동부하이텍,2011,-2282,9050
A000990,동부하이텍,2012,-704,8341
A000990,동부하이텍,2013,-1866,6406
A000990,동부하이텍,2014,-1730,4492
A000990,동부하이텍,2015,2847,6238
A000990,동부하이텍,2016,1985,8212
A000990,동부하이텍,2017,,
A029530,신도리코,2001,4861,41199
A029530,신도리코,2002,6241,46405
A029530,신도리코,2003,6284,51163
A029530,신도리코,2004,4888,53271
A029530,신도리코,2005,3449,54500
A029530,신도리코,2006,4628,56998
A029530,신도리코,2007,6472,61557
A029530,신도리코,2008,6744,67645
A029530,신도리코,2009,5612,70371
A029530,신도리코,2010,4778,74727
A029530,신도리코,2011,6580,80982
A029530,신도리코,2012,5081,82471
A029530,신도리코,2013,2611,82798
A029530,신도리코,2014,1698,82430
A029530,신도리코,2015,928,82459
A029530,신도리코,2016,3154,84537
A029530,신도리코,2017,,
A005180,빙그레,2001,1027,13944
A005180,빙그레,2002,1856,15263
A005180,빙그레,2003,2645,17305
A005180,빙그레,2004,3517,20242
A005180,빙그레,2005,3908,23342
A005180,빙그레,2006,2882,25407
A005180,빙그레,2007,4262,29022
A005180,빙그레,2008,4218,31887
A005180,빙그레,2009,4953,36036
A005180,빙그레,2010,5046,39942
A005180,빙그레,2011,4266,42286
A005180,빙그레,2012,5156,46507
A005180,빙그레,2013,3846,49457
A005180,빙그레,2014,3843,51414
A005180,빙그레,2015,2512,54779
A005180,빙그레,2016,2916,55245
A005180,빙그레,2017,,
A001800,오리온홀딩스,2001,2902,44125
A001800,오리온홀딩스,2002,6511,50124
A001800,오리온홀딩스,2003,1156,56258
A001800,오리온홀딩스,2004,3541,59973
A001800,오리온홀딩스,2005,6331,58232
A001800,오리온홀딩스,2006,18074,73171
A001800,오리온홀딩스,2007,11254,80173
A001800,오리온홀딩스,2008,-4881,77094
A001800,오리온홀딩스,2009,6223,81728
A001800,오리온홀딩스,2010,27919,119927
A001800,오리온홀딩스,2011,16660,149762
A001800,오리온홀딩스,2012,25413,167797
A001800,오리온홀딩스,2013,24407,190820
A001800,오리온홀딩스,2014,27363,214175
A001800,오리온홀딩스,2015,27164,236130
A001800,오리온홀딩스,2016,39522,271618
A001800,오리온홀딩스,2017,,
A007340,동아타이어,2001,8739,89984
A007340,동아타이어,2002,1024,10022
A007340,동아타이어,2003,918,10917
A007340,동아타이어,2004,940,11704
A007340,동아타이어,2005,662,11882
A007340,동아타이어,2006,425,12078
A007340,동아타이어,2007,1001,13110
A007340,동아타이어,2008,1687,15075
A007340,동아타이어,2009,1650,16880
A007340,동아타이어,2010,1335,18306
A007340,동아타이어,2011,2247,21524
A007340,동아타이어,2012,2448,23727
A007340,동아타이어,2013,2046,25565
A007340,동아타이어,2014,1915,27427
A007340,동아타이어,2015,3066,30527
A007340,동아타이어,2016,3372,33125
A007340,동아타이어,2017,,
A003030,세아제강,2001,7046,63760
A003030,세아제강,2002,3252,56149
A003030,세아제강,2003,2858,59733
A003030,세아제강,2004,13982,73087
A003030,세아제강,2005,8820,81983
A003030,세아제강,2006,5465,86127
A003030,세아제강,2007,3587,84838
A003030,세아제강,2008,22101,110285
A003030,세아제강,2009,2216,97019
A003030,세아제강,2010,16373,151122
A003030,세아제강,2011,16009,156600
A003030,세아제강,2012,16084,164386
A003030,세아제강,2013,18907,179719
A003030,세아제강,2014,11952,191258
A003030,세아제강,2015,7618,199688
A003030,세아제강,2016,10854,210321
A003030,세아제강,2017,,
A096760,JW홀딩스,2001,,
A096760,JW홀딩스,2002,,
A096760,JW홀딩스,2003,,
A096760,JW홀딩스,2004,,
A096760,JW홀딩스,2005,,
A096760,JW홀딩스,2006,,
A096760,JW홀딩스,2007,-1203,15849
A096760,JW홀딩스,2008,-482,14952
A096760,JW홀딩스,2009,112,2687
A096760,JW홀딩스,2010,542,3363
A096760,JW홀딩스,2011,-675,2147
A096760,JW홀딩스,2012,-450,1627
A096760,JW홀딩스,2013,347,2094
A096760,JW홀딩스,2014,-203,1784
A096760,JW홀딩스,2015,3,1857
A096760,JW홀딩스,2016,-141,1922
A096760,JW홀딩스,2017,,
A033920,무학,2001,1526,7686
A033920,무학,2002,647,4475
A033920,무학,2003,636,2825
A033920,무학,2004,742,3493
A033920,무학,2005,561,4101
A033920,무학,2006,576,4620
A033920,무학,2007,622,4947
A033920,무학,2008,35,4850
A033920,무학,2009,1731,6543
A033920,무학,2010,1169,7827
A033920,무학,2011,1580,8983
A033920,무학,2012,1296,11111
A033920,무학,2013,2036,12870
A033920,무학,2014,3014,15233
A033920,무학,2015,1025,15934
A033920,무학,2016,2157,17640
A033920,무학,2017,,
A008060,대덕전자,2001,803,7276
A008060,대덕전자,2002,628,7652
A008060,대덕전자,2003,473,7828
A008060,대덕전자,2004,676,8170
A008060,대덕전자,2005,675,8520
A008060,대덕전자,2006,89,8269
A008060,대덕전자,2007,251,8266
A008060,대덕전자,2008,-1376,6637
A008060,대덕전자,2009,914,7354
A008060,대덕전자,2010,1083,8219
A008060,대덕전자,2011,949,8928
A008060,대덕전자,2012,995,9767
A008060,대덕전자,2013,172,9692
A008060,대덕전자,2014,619,9881
A008060,대덕전자,2015,627,10254
A008060,대덕전자,2016,479,10472
A008060,대덕전자,2017,,
A002960,한국쉘석유,2001,4913,26933
A002960,한국쉘석유,2002,6323,30848
A002960,한국쉘석유,2003,6459,34807
A002960,한국쉘석유,2004,6980,39288
A002960,한국쉘석유,2005,7105,41392
A002960,한국쉘석유,2006,6521,32913
A002960,한국쉘석유,2007,11605,38019
A002960,한국쉘석유,2008,9333,37852
A002960,한국쉘석유,2009,24097,55949
A002960,한국쉘석유,2010,20893,57662
A002960,한국쉘석유,2011,20089,59449
A002960,한국쉘석유,2012,23977,66129
A002960,한국쉘석유,2013,22775,69257
A002960,한국쉘석유,2014,20711,69679
A002960,한국쉘석유,2015,24010,74503
A002960,한국쉘석유,2016,20956,74861
A002960,한국쉘석유,2017,,
A003920,남양유업,2001,71250,401329
A003920,남양유업,2002,39404,440732
A003920,남양유업,2003,47124,487402
A003920,남양유업,2004,48264,535061
A003920,남양유업,2005,61711,595512
A003920,남양유업,2006,55251,649863
A003920,남양유업,2007,65331,714385
A003920,남양유업,2008,-28303,685209
A003920,남양유업,2009,116401,800457
A003920,남양유업,2010,95487,896144
A003920,남양유업,2011,54109,948113
A003920,남양유업,2012,68879,1008204
A003920,남양유업,2013,-51361,958192
A003920,남양유업,2014,185,955307
A003920,남양유업,2015,30064,983744
A003920,남양유업,2016,41928,1029018
A003920,남양유업,2017,,
A001520,동양,2001,-3386,7677
A001520,동양,2002,-937,3464
A001520,동양,2003,53,3507
A001520,동양,2004,-639,2744
A001520,동양,2005,-1574,2930
A001520,동양,2006,334,3298
A001520,동양,2007,-310,4050
A001520,동양,2008,-2071,3225
A001520,동양,2009,-800,821
A001520,동양,2010,-1808,-980
A001520,동양,2011,-347,1264
A001520,동양,2012,-529,758
A001520,동양,2013,-2368,-1644
A001520,동양,2014,3441,1839
A001520,동양,2015,2606,4050
A001520,동양,2016,102,4059
A001520,동양,2017,,
A078520,에이블씨엔씨,2001,1162,5677
A078520,에이블씨엔씨,2002,769,6446
A078520,에이블씨엔씨,2003,11075,17860
A078520,에이블씨엔씨,2004,6401,8026
A078520,에이블씨엔씨,2005,1099,11267
A078520,에이블씨엔씨,2006,-3014,7950
A078520,에이블씨엔씨,2007,-324,5218
A078520,에이블씨엔씨,2008,1114,6225
A078520,에이블씨엔씨,2009,2273,7935
A078520,에이블씨엔씨,2010,2723,10438
A078520,에이블씨엔씨,2011,2976,12119
A078520,에이블씨엔씨,2012,4061,14809
A078520,에이블씨엔씨,2013,1090,14584
A078520,에이블씨엔씨,2014,201,13380
A078520,에이블씨엔씨,2015,1113,13327
A078520,에이블씨엔씨,2016,1171,12969
A078520,에이블씨엔씨,2017,,
A004490,세방전지,2001,581,9638
A004490,세방전지,2002,261,9892
A004490,세방전지,2003,301,10124
A004490,세방전지,2004,-109,9887
A004490,세방전지,2005,992,10831
A004490,세방전지,2006,850,11586
A004490,세방전지,2007,1343,12793
A004490,세방전지,2008,5383,17974
A004490,세방전지,2009,5021,22847
A004490,세방전지,2010,6130,28029
A004490,세방전지,2011,7527,35030
A004490,세방전지,2012,6991,41823
A004490,세방전지,2013,5003,46495
A004490,세방전지,2014,4386,50272
A004490,세방전지,2015,5628,55502
A004490,세방전지,2016,4484,59791
A004490,세방전지,2017,,
A034120,SBS,2001,1983,14934
A034120,SBS,2002,3802,18420
A034120,SBS,2003,3281,20572
A034120,SBS,2004,1544,21130
A034120,SBS,2005,1479,21997
A034120,SBS,2006,2124,23869
A034120,SBS,2007,2079,24918
A034120,SBS,2008,395,24570
A034120,SBS,2009,1301,25872
A034120,SBS,2010,-7,26577
A034120,SBS,2011,3236,29101
A034120,SBS,2012,1508,29862
A034120,SBS,2013,1338,30500
A034120,SBS,2014,-371,29850
A034120,SBS,2015,1910,31396
A034120,SBS,2016,-29,30457
A034120,SBS,2017,,
A009290,광동제약,2001,69,1891
A009290,광동제약,2002,66,1939
A009290,광동제약,2003,103,2017
A009290,광동제약,2004,320,2341
A009290,광동제약,2005,395,2733
A009290,광동제약,2006,337,3021
A009290,광동제약,2007,461,3447
A009290,광동제약,2008,408,3775
A009290,광동제약,2009,442,4176
A009290,광동제약,2010,501,4720
A009290,광동제약,2011,571,5292
A009290,광동제약,2012,531,5782
A009290,광동제약,2013,420,6208
A009290,광동제약,2014,669,6873
A009290,광동제약,2015,668,7551
A009290,광동제약,2016,535,7991
A009290,광동제약,2017,,
A079430,현대리바트,2001,10591,29321
A079430,현대리바트,2002,9545,38323
A079430,현대리바트,2003,12359,50330
A079430,현대리바트,2004,7234,57468
A079430,현대리바트,2005,1612,9593
A079430,현대리바트,2006,1483,10825
A079430,현대리바트,2007,1801,12359
A079430,현대리바트,2008,1048,7166
A079430,현대리바트,2009,1170,8038
A079430,현대리바트,2010,939,11028
A079430,현대리바트,2011,419,11116
A079430,현대리바트,2012,210,11105
A079430,현대리바트,2013,421,11370
A079430,현대리바트,2014,1561,12875
A079430,현대리바트,2015,1670,14430
A079430,현대리바트,2016,1921,16264
A079430,현대리바트,2017,,
A025860,남해화학,2001,185,6041
A025860,남해화학,2002,-646,5168
A025860,남해화학,2003,163,5348
A025860,남해화학,2004,112,5393
A025860,남해화학,2005,75,5319
A025860,남해화학,2006,144,5433
A025860,남해화학,2007,577,6156
A025860,남해화학,2008,2855,8779
A025860,남해화학,2009,-845,7452
A025860,남해화학,2010,402,7787
A025860,남해화학,2011,-168,7543
A025860,남해화학,2012,-502,7023
A025860,남해화학,2013,261,7284
A025860,남해화학,2014,366,7565
A025860,남해화학,2015,412,7915
A025860,남해화학,2016,292,8157
A025860,남해화학,2017,,
A036580,팜스코,2001,145,2494
A036580,팜스코,2002,289,2783
A036580,팜스코,2003,148,2882
A036580,팜스코,2004,157,2988
A036580,팜스코,2005,124,2841
A036580,팜스코,2006,212,2981
A036580,팜스코,2007,-8,2920
A036580,팜스코,2008,-283,3899
A036580,팜스코,2009,762,4645
A036580,팜스코,2010,517,5259
A036580,팜스코,2011,590,5685
A036580,팜스코,2012,722,6379
A036580,팜스코,2013,263,6681
A036580,팜스코,2014,318,7346
A036580,팜스코,2015,300,7326
A036580,팜스코,2016,727,7935
A036580,팜스코,2017,,
A014830,유니드,2001,1619,14765
A014830,유니드,2002,3408,17223
A014830,유니드,2003,3455,20508
A014830,유니드,2004,3975,20799
A014830,유니드,2005,2954,22904
A014830,유니드,2006,3575,25519
A014830,유니드,2007,4119,30053
A014830,유니드,2008,9629,39869
A014830,유니드,2009,5345,44395
A014830,유니드,2010,9245,59426
A014830,유니드,2011,10288,70901
A014830,유니드,2012,1243,71591
A014830,유니드,2013,6615,74727
A014830,유니드,2014,7565,79790
A014830,유니드,2015,8536,67452
A014830,유니드,2016,5609,70619
A014830,유니드,2017,,
A097230,한진중공업,2001,,
A097230,한진중공업,2002,,
A097230,한진중공업,2003,,
A097230,한진중공업,2004,,
A097230,한진중공업,2005,,
A097230,한진중공업,2006,,
A097230,한진중공업,2007,600,19802
A097230,한진중공업,2008,1331,44484
A097230,한진중공업,2009,1086,43557
A097230,한진중공업,2010,-824,41884
A097230,한진중공업,2011,-2006,38640
A097230,한진중공업,2012,-1094,35513
A097230,한진중공업,2013,-2894,23651
A097230,한진중공업,2014,-3594,15399
A097230,한진중공업,2015,-3834,11538
A097230,한진중공업,2016,-3215,8461
A097230,한진중공업,2017,,
A000050,경방,2001,-196,238368
A000050,경방,2002,1917,189098
A000050,경방,2003,90,188723
A000050,경방,2004,-4541,184014
A000050,경방,2005,371,184594
A000050,경방,2006,-10431,174007
A000050,경방,2007,29079,203265
A000050,경방,2008,-7178,196320
A000050,경방,2009,3116,364174
A000050,경방,2010,11457,327557
A000050,경방,2011,-535,303211
A000050,경방,2012,-3800,298924
A000050,경방,2013,5855,255370
A000050,경방,2014,4190,236250
A000050,경방,2015,6089,241825
A000050,경방,2016,1075,24799
A000050,경방,2017,,
A004710,한솔테크닉스,2001,-8229,13473
A004710,한솔테크닉스,2002,-7752,5705
A004710,한솔테크닉스,2003,219,7618
A004710,한솔테크닉스,2004,179,7375
A004710,한솔테크닉스,2005,3526,9646
A004710,한솔테크닉스,2006,6096,15869
A004710,한솔테크닉스,2007,1460,17006
A004710,한솔테크닉스,2008,999,17920
A004710,한솔테크닉스,2009,3344,20646
A004710,한솔테크닉스,2010,1077,23061
A004710,한솔테크닉스,2011,-2299,24983
A004710,한솔테크닉스,2012,-7786,14956
A004710,한솔테크닉스,2013,-1585,12180
A004710,한솔테크닉스,2014,-890,10851
A004710,한솔테크닉스,2015,1299,12498
A004710,한솔테크닉스,2016,-2154,10474
A004710,한솔테크닉스,2017,,
A003850,보령제약,2001,4835,31428
A003850,보령제약,2002,3497,34598
A003850,보령제약,2003,2089,36092
A003850,보령제약,2004,3087,38055
A003850,보령제약,2005,1086,39175
A003850,보령제약,2006,791,38717
A003850,보령제약,2007,2903,40768
A003850,보령제약,2008,1759,41158
A003850,보령제약,2009,1716,41746
A003850,보령제약,2010,2263,21835
A003850,보령제약,2011,929,21203
A003850,보령제약,2012,1348,21484
A003850,보령제약,2013,1932,22426
A003850,보령제약,2014,2816,23797
A003850,보령제약,2015,2525,24994
A003850,보령제약,2016,666,24377
A003850,보령제약,2017,,
